{
    "k_delta": {
        "kq5.r1b2": -0.00011279813810201734,
        "kq6.r1b2": 8.629485248676416e-05,
        "kq7.r1b2": -4.053529534133958e-05,
        "kq8.r1b2": 1.9823500297513083e-05,
        "kq9.r1b2": -5.977836801614553e-06,
        "kq10.r1b2": -5.2045076372599395e-06,
        "kqtl11.r1b2": 0.00013899555245833276,
        "kqt12.r1b2": -0.0002392989292735633,
        "kqt13.r1b2": 0.00020072987002658595
    },
    "my_ip": 1,
    "my_optics": 30,
    "my_beam": "b2",
    "i_wire_ip1.b2": 350.0,
    "i_wire_ip5.b2": 0.0,
    "tct_opening_in_sigma": 8,
    "sigma_y_at_tctpv_4r1_b2": 0.0005848056639966425,
    "sigma_x_at_tctph_4r5_b2": 0.0011014869888555253,
    "wire_retraction": 0.003,
    "d_wire_ip1.b2": 0.00767844531197314,
    "d_wire_ip5.b2": 0.011811895910844201,
    "k_0": {
        "kq5.r1b2": -0.00160352034309,
        "kq6.r1b2": 0.00182537912113,
        "kq7.r1b2": -0.00689433892203,
        "kq8.r1b2": 0.00763895880942,
        "kq9.r1b2": -0.00652282602326,
        "kq10.r1b2": 0.00690973765732,
        "kqtl11.r1b2": 0.00134367208182,
        "kqt12.r1b2": -0.00123289399776,
        "kqt13.r1b2": -0.00120130527148
    },
    "k": {
        "kq5.r1b2": -0.0017163184811920173,
        "kq6.r1b2": 0.001911673973616764,
        "kq7.r1b2": -0.006934874217371339,
        "kq8.r1b2": 0.007658782309717513,
        "kq9.r1b2": -0.0065288038600616145,
        "kq10.r1b2": 0.006904533149682739,
        "kqtl11.r1b2": 0.0014826676342783328,
        "kqt12.r1b2": -0.0014721929270335632,
        "kqt13.r1b2": -0.0010005754014534142
    },
    "kmin": {
        "kq5.r1b2": 0.00019632238313241118,
        "kq6.r1b2": 0.00019632238313241118,
        "kq7.r1b2": 0.00019632238313241118,
        "kq8.r1b2": 0.00019632238313241118,
        "kq9.r1b2": 0.00019632238313241118,
        "kq10.r1b2": 0.00019632238313241118,
        "kqtl11.r1b2": -0.00551095843062012,
        "kqt12.r1b2": -0.005422783095730198,
        "kqt13.r1b2": -0.005422783095730198
    },
    "kmax": {
        "kq5.r1b2": 0.008817533488992191,
        "kq6.r1b2": 0.008817533488992191,
        "kq7.r1b2": 0.008817533488992191,
        "kq8.r1b2": 0.008817533488992191,
        "kq9.r1b2": 0.008817533488992191,
        "kq10.r1b2": 0.008817533488992191,
        "kqtl11.r1b2": 0.00551095843062012,
        "kqt12.r1b2": 0.005422783095730198,
        "kqt13.r1b2": 0.005422783095730198
    },
    "kmax_relative_variation_percent": {
        "kq5.r1b2": 7.03440642883608,
        "kq6.r1b2": 4.727502987617354,
        "kq7.r1b2": 0.5879504300523158,
        "kq8.r1b2": 0.25950526494615583,
        "kq9.r1b2": 0.09164489103799414,
        "kq10.r1b2": -0.07532134930978772,
        "kqtl11.r1b2": 10.344454896321405,
        "kqt12.r1b2": 19.409529911601222,
        "kqt13.r1b2": -16.709314009692815
    }
}