{
    "k_delta": {
        "kq5.r1b2": -0.00011652759304598113,
        "kq6.r1b2": 9.37138789899812e-05,
        "kq7.r1b2": -4.4423777656711797e-05,
        "kq8.r1b2": 7.572945262963522e-06,
        "kq9.r1b2": -5.4790135278206996e-06,
        "kq10.r1b2": -5.427754564744847e-06,
        "kqtl11.r1b2": 0.00015749787878339855,
        "kqt12.r1b2": -0.00013143908354809798,
        "kqt13.r1b2": 0.0001966802034897876
    },
    "my_ip": 1,
    "my_optics": 30,
    "my_beam": "b2",
    "i_wire_ip1.b2": 350.0,
    "i_wire_ip5.b2": 0.0,
    "k_wire_ip1": 0.0001046884011013866,
    "k_wire_ip5": -0.0,
    "tct_opening_in_sigma": 8,
    "sigma_y_at_tctpv_4r1_b2": 0.0005848056639966425,
    "sigma_x_at_tctph_4r5_b2": 0.0011014869888555253,
    "wire_retraction": 0.003,
    "d_wire_ip1.b2": 0.00767844531197314,
    "d_wire_ip5.b2": 0.011811895910844201,
    "k_0": {
        "kq5.r1b2": -0.00160352034309,
        "kq6.r1b2": 0.00182537912113,
        "kq7.r1b2": -0.00689433892203,
        "kq8.r1b2": 0.00763895880942,
        "kq9.r1b2": -0.00652282602326,
        "kq10.r1b2": 0.00690973765732,
        "kqtl11.r1b2": 0.00134367208182,
        "kqt12.r1b2": -0.00123289399776,
        "kqt13.r1b2": -0.00120130527148
    },
    "k": {
        "kq5.r1b2": -0.0017200479361359812,
        "kq6.r1b2": 0.001919093000119981,
        "kq7.r1b2": -0.006938762699686712,
        "kq8.r1b2": 0.0076465317546829635,
        "kq9.r1b2": -0.00652830503678782,
        "kq10.r1b2": 0.006904309902755255,
        "kqtl11.r1b2": 0.0015011699606033986,
        "kqt12.r1b2": -0.001364333081308098,
        "kqt13.r1b2": -0.0010046250679902125
    },
    "kmin": {
        "kq5.r1b2": 0.00019641055846730108,
        "kq6.r1b2": 0.00019641055846730108,
        "kq7.r1b2": 0.00019632238313241118,
        "kq8.r1b2": 0.00019632238313241118,
        "kq9.r1b2": 0.00019632238313241118,
        "kq10.r1b2": 0.00019632238313241118,
        "kqtl11.r1b2": -0.00551095843062012,
        "kqt12.r1b2": -0.005422783095730198,
        "kqt13.r1b2": -0.005422783095730198
    },
    "kmax": {
        "kq5.r1b2": 0.0070540267911937534,
        "kq6.r1b2": 0.0070540267911937534,
        "kq7.r1b2": 0.008817533488992191,
        "kq8.r1b2": 0.008817533488992191,
        "kq9.r1b2": 0.008817533488992191,
        "kq10.r1b2": 0.008817533488992191,
        "kqtl11.r1b2": 0.00551095843062012,
        "kqt12.r1b2": 0.005422783095730198,
        "kqt13.r1b2": 0.005422783095730198
    },
    "k_relative_variation_percent": {
        "kq5.r1b2": 7.266985638699867,
        "kq6.r1b2": 5.133940555426517,
        "kq7.r1b2": 0.6443515202706551,
        "kq8.r1b2": 0.09913583057451399,
        "kq9.r1b2": 0.08399754198997293,
        "kq10.r1b2": -0.07855225239984072,
        "kqtl11.r1b2": 11.72145205027019,
        "kqt12.r1b2": 10.661020638181776,
        "kqt13.r1b2": -16.372208476824454
    },
    "kmax_relative_variation_percent": {
        "kq5.r1b2": 1.651930117297742,
        "kq6.r1b2": 1.3285160627256705,
        "kq7.r1b2": 0.5038118393558747,
        "kq8.r1b2": 0.08588507514507983,
        "kq9.r1b2": 0.062137711579555666,
        "kq10.r1b2": 0.061556381628953896,
        "kqtl11.r1b2": 2.8579035891162787,
        "kqt12.r1b2": 2.4238307383452375,
        "kqt13.r1b2": 3.626923666643611
    },
    "k_delta/k_wire_ip1": {
        "kq5.r1b2": -1.11308981529987,
        "kq6.r1b2": 0.8951696463414605,
        "kq7.r1b2": -0.42434288029376926,
        "kq8.r1b2": 0.07233795896480855,
        "kq9.r1b2": -0.052336395151498113,
        "kq10.r1b2": -0.05184676150979018,
        "kqtl11.r1b2": 1.504444400013981,
        "kqt12.r1b2": -1.2555267074984209,
        "kqt13.r1b2": 1.8787201009910406
    }
}