{
    "k_delta": {
        "kq5.r1b2": -0.00011652814521926973,
        "kq6.r1b2": 9.371391636759731e-05,
        "kq7.r1b2": -4.4421051660727176e-05,
        "kq8.r1b2": 7.572783728147847e-06,
        "kq9.r1b2": -5.480822037725441e-06,
        "kq10.r1b2": -5.426789141053717e-06,
        "kqtl11.r1b2": 0.0001574869663631532,
        "kqt12.r1b2": -0.00013143691591611906,
        "kqt13.r1b2": 0.0001967021580027308
    },
    "my_ip": 1,
    "my_optics": 30,
    "my_beam": "b2",
    "i_wire_ip1.b2": 350.0,
    "i_wire_ip5.b2": 0.0,
    "tct_opening_in_sigma": 8,
    "sigma_y_at_tctpv_4r1_b2": 0.0005848056639966425,
    "sigma_x_at_tctph_4r5_b2": 0.0011014869888555253,
    "wire_retraction": 0.003,
    "d_wire_ip1.b2": 0.00767844531197314,
    "d_wire_ip5.b2": 0.011811895910844201,
    "k_0": {
        "kq5.r1b2": -0.00160352034309,
        "kq6.r1b2": 0.00182537912113,
        "kq7.r1b2": -0.00689433892203,
        "kq8.r1b2": 0.00763895880942,
        "kq9.r1b2": -0.00652282602326,
        "kq10.r1b2": 0.00690973765732,
        "kqtl11.r1b2": 0.00134367208182,
        "kqt12.r1b2": -0.00123289399776,
        "kqt13.r1b2": -0.00120130527148
    },
    "k": {
        "kq5.r1b2": -0.0017200484883092698,
        "kq6.r1b2": 0.0019190930374975972,
        "kq7.r1b2": -0.006938759973690727,
        "kq8.r1b2": 0.007646531593148148,
        "kq9.r1b2": -0.006528306845297725,
        "kq10.r1b2": 0.006904310868178946,
        "kqtl11.r1b2": 0.0015011590481831532,
        "kqt12.r1b2": -0.001364330913676119,
        "kqt13.r1b2": -0.0010046031134772694
    },
    "kmin": {
        "kq5.r1b2": 0.00019641055846730108,
        "kq6.r1b2": 0.00019641055846730108,
        "kq7.r1b2": 0.00019632238313241118,
        "kq8.r1b2": 0.00019632238313241118,
        "kq9.r1b2": 0.00019632238313241118,
        "kq10.r1b2": 0.00019632238313241118,
        "kqtl11.r1b2": -0.00551095843062012,
        "kqt12.r1b2": -0.005422783095730198,
        "kqt13.r1b2": -0.005422783095730198
    },
    "kmax": {
        "kq5.r1b2": 0.0070540267911937534,
        "kq6.r1b2": 0.0070540267911937534,
        "kq7.r1b2": 0.008817533488992191,
        "kq8.r1b2": 0.008817533488992191,
        "kq9.r1b2": 0.008817533488992191,
        "kq10.r1b2": 0.008817533488992191,
        "kqtl11.r1b2": 0.00551095843062012,
        "kqt12.r1b2": 0.005422783095730198,
        "kqt13.r1b2": 0.005422783095730198
    },
    "k_relative_variation_percent": {
        "kq5.r1b2": 7.267020073765876,
        "kq6.r1b2": 5.133942603089695,
        "kq7.r1b2": 0.644311980642339,
        "kq8.r1b2": 0.09913371595628255,
        "kq9.r1b2": 0.08402526785447233,
        "kq10.r1b2": -0.07853828047009448,
        "kqtl11.r1b2": 11.720639916090061,
        "kqt12.r1b2": 10.660844821608508,
        "kqt13.r1b2": -16.374036031690352
    },
    "kmax_relative_variation_percent": {
        "kq5.r1b2": 1.6519379450719334,
        "kq6.r1b2": 1.3285165926019697,
        "kq7.r1b2": 0.5037809237263734,
        "kq8.r1b2": 0.08588324317227386,
        "kq9.r1b2": 0.06215822196272573,
        "kq10.r1b2": 0.061545432720255845,
        "kqtl11.r1b2": 2.85770557600508,
        "kqt12.r1b2": 2.42379076566072,
        "kqt13.r1b2": 3.627328523569577
    }
}