{
    "k_delta": {
        "kq4.l5b1": 3.0163199336249275e-05,
        "kq5.l5b1": -2.6780513126582858e-05,
        "kq7.l5b1": -6.747776926415972e-06,
        "kq8.l5b1": 2.9100089257119614e-06,
        "kq9.l5b1": -5.585687651415416e-07,
        "kq10.l5b1": -3.541599607525671e-06,
        "kqtl11.l5b1": 7.932688376894002e-05,
        "kqt12.l5b1": -5.3872424416829116e-05,
        "kqt13.l5b1": 4.303115423096197e-05
    },
    "my_ip": 5,
    "my_optics": 30,
    "my_beam": "b1",
    "i_wire_ip1.b1": 0.0,
    "i_wire_ip5.b1": 350.0,
    "tct_opening_in_sigma": 8,
    "sigma_y_at_tctpv_4l1_b1": 0.0005848056549666538,
    "sigma_x_at_tctph_4l5_b1": 0.0011014869805572626,
    "wire_retraction": 0.003,
    "d_wire_ip1.b1": 0.0076784452397332306,
    "d_wire_ip5.b1": 0.0118118958444581,
    "k_0": {
        "kq4.l5b1": 0.00348610526342,
        "kq5.l5b1": -0.00215335522036,
        "kq7.l5b1": -0.00703393382042,
        "kq8.l5b1": 0.00783967055175,
        "kq9.l5b1": -0.00664472235184,
        "kq10.l5b1": 0.00703681858794,
        "kqtl11.l5b1": 0.00182468617483,
        "kqt12.l5b1": -0.00124751358961,
        "kqt13.l5b1": 0.0008107986694
    },
    "k": {
        "kq4.l5b1": 0.0035162684627562495,
        "kq5.l5b1": -0.002180135733486583,
        "kq7.l5b1": -0.007040681597346416,
        "kq8.l5b1": 0.007842580560675712,
        "kq9.l5b1": -0.0066452809206051415,
        "kq10.l5b1": 0.007033276988332474,
        "kqtl11.l5b1": 0.00190401305859894,
        "kqt12.l5b1": -0.001301386014026829,
        "kqt13.l5b1": 0.000853829823630962
    },
    "kmin": {
        "kq4.l5b1": 0.00015633486875983157,
        "kq5.l5b1": 0.00019641055846730108,
        "kq7.l5b1": 0.00019632238313241118,
        "kq8.l5b1": 0.00019632238313241118,
        "kq9.l5b1": 0.00019632238313241118,
        "kq10.l5b1": 0.00019632238313241118,
        "kqtl11.l5b1": -0.00551095843062012,
        "kqt12.l5b1": -0.005422783095730198,
        "kqt13.l5b1": -0.005422783095730198
    },
    "kmax": {
        "kq4.l5b1": 0.0070540267911937534,
        "kq5.l5b1": 0.0070540267911937534,
        "kq7.l5b1": 0.008817533488992191,
        "kq8.l5b1": 0.008817533488992191,
        "kq9.l5b1": 0.008817533488992191,
        "kq10.l5b1": 0.008817533488992191,
        "kqtl11.l5b1": 0.00551095843062012,
        "kqt12.l5b1": 0.005422783095730198,
        "kqt13.l5b1": 0.005422783095730198
    },
    "k_relative_variation_percent": {
        "kq4.l5b1": 0.8652406355239556,
        "kq5.l5b1": 1.243664439260777,
        "kq7.l5b1": 0.09593176590355038,
        "kq8.l5b1": 0.03711902058259806,
        "kq9.l5b1": 0.008406201727704505,
        "kq10.l5b1": -0.05032955679140877,
        "kqtl11.l5b1": 4.347426141721638,
        "kqt12.l5b1": 4.318383772770829,
        "kqt13.l5b1": 5.307255161482381
    },
    "kmax_relative_variation_percent": {
        "kq4.l5b1": 0.42760256275047054,
        "kq5.l5b1": 0.37964858823637654,
        "kq7.l5b1": 0.0765268080335606,
        "kq8.l5b1": 0.03300252762685638,
        "kq9.l5b1": 0.0063347507082208284,
        "kq10.l5b1": 0.040165422812932935,
        "kqtl11.l5b1": 1.439438979038239,
        "kqt12.l5b1": 0.9934460491190823,
        "kqt13.l5b1": 0.7935252705357868
    }
}