{
    "k_delta": {
        "kq5.l1b1": -0.00011952464326028232,
        "kq6.l1b1": 9.459023520387732e-05,
        "kq7.l1b1": -2.858570531157269e-05,
        "kq8.l1b1": 4.5949236940773845e-06,
        "kq9.l1b1": -8.613455845920522e-06,
        "kq10.l1b1": -1.9537480629127852e-06,
        "kqtl11.l1b1": 9.044594780971008e-05,
        "kqt12.l1b1": -8.430611451960742e-05,
        "kqt13.l1b1": 0.0002075789957574089
    },
    "my_ip": 1,
    "my_optics": 30,
    "my_beam": "b1",
    "i_wire_ip1.b1": 350.0,
    "i_wire_ip5.b1": 0.0,
    "k_wire_ip1": 0.00010391239873213405,
    "k_wire_ip5": -0.0,
    "tct_opening_in_sigma": 8,
    "sigma_y_at_tctpv_4l1_b1": 0.000588382841075742,
    "sigma_x_at_tctph_4l5_b1": 0.0011025276169903475,
    "wire_retraction": 0.003,
    "d_wire_ip1.b1": 0.007707062728605936,
    "d_wire_ip5.b1": 0.01182022093592278,
    "k_0": {
        "kq5.l1b1": -0.00160352034309,
        "kq6.l1b1": 0.00170665114394,
        "kq7.l1b1": -0.00670321503785,
        "kq8.l1b1": 0.007743607763,
        "kq9.l1b1": -0.00685155746183,
        "kq10.l1b1": 0.00696067027901,
        "kqtl11.l1b1": 0.000567217148913,
        "kqt12.l1b1": -0.000782564563728,
        "kqt13.l1b1": 0.00248701379072
    },
    "k": {
        "kq5.l1b1": -0.0017230449863502822,
        "kq6.l1b1": 0.0018012413791438772,
        "kq7.l1b1": -0.006731800743161573,
        "kq8.l1b1": 0.0077482026866940775,
        "kq9.l1b1": -0.00686017091767592,
        "kq10.l1b1": 0.006958716530947088,
        "kqtl11.l1b1": 0.00065766309672271,
        "kqt12.l1b1": -0.0008668706782476074,
        "kqt13.l1b1": 0.002694592786477409
    },
    "kmin": {
        "kq5.l1b1": 0.00019641055846730108,
        "kq6.l1b1": 0.00019641055846730108,
        "kq7.l1b1": 0.00019632238313241118,
        "kq8.l1b1": 0.00019632238313241118,
        "kq9.l1b1": 0.00019632238313241118,
        "kq10.l1b1": 0.00019632238313241118,
        "kqtl11.l1b1": -0.00551095843062012,
        "kqt12.l1b1": -0.005422783095730198,
        "kqt13.l1b1": -0.005422783095730198
    },
    "kmax": {
        "kq5.l1b1": 0.0070540267911937534,
        "kq6.l1b1": 0.0070540267911937534,
        "kq7.l1b1": 0.008817533488992191,
        "kq8.l1b1": 0.008817533488992191,
        "kq9.l1b1": 0.008817533488992191,
        "kq10.l1b1": 0.008817533488992191,
        "kqtl11.l1b1": 0.00551095843062012,
        "kqt12.l1b1": 0.005422783095730198,
        "kqt13.l1b1": 0.005422783095730198
    },
    "k_relative_variation_percent": {
        "kq5.l1b1": 7.453890047316588,
        "kq6.l1b1": 5.542447004459559,
        "kq7.l1b1": 0.4264476844344429,
        "kq8.l1b1": 0.05933828048513186,
        "kq9.l1b1": 0.12571529749120622,
        "kq10.l1b1": -0.0280683897469521,
        "kqtl11.l1b1": 15.945559471013581,
        "kqt12.l1b1": 10.773055467524356,
        "kqt13.l1b1": 8.346515669996103
    },
    "kmax_relative_variation_percent": {
        "kq5.l1b1": 1.69441720025074,
        "kq6.l1b1": 1.3409395513207258,
        "kq7.l1b1": 0.32419162736675833,
        "kq8.l1b1": 0.05211121341147938,
        "kq9.l1b1": 0.09768554728681847,
        "kq10.l1b1": 0.022157534931416412,
        "kqtl11.l1b1": 1.641201779116535,
        "kqt12.l1b1": 1.5546650683112986,
        "kqt13.l1b1": 3.827905193568463
    },
    "k_delta/k_wire_ip1": {
        "kq5.l1b1": -1.150244289600066,
        "kq6.l1b1": 0.9102882462343357,
        "kq7.l1b1": -0.27509426844491464,
        "kq8.l1b1": 0.044219205312757755,
        "kq9.l1b1": -0.08289151199487113,
        "kq10.l1b1": -0.018801876260687307,
        "kqtl11.l1b1": 0.8704057351506449,
        "kqt12.l1b1": -0.8113191067500249,
        "kqt13.l1b1": 1.9976345295666513
    }
}