{
    "k_delta": {
        "kq5.r5b2": 2.4524082336203344e-05,
        "kq6.l5b2": -1.1368105669579823e-16,
        "kq7.r5b2": -3.5549534291600284e-06,
        "kq8.r5b2": -3.3565167003170686e-05,
        "kq9.r5b2": 2.2673526642472295e-09,
        "kq10.r5b2": -1.8435691630093115e-06,
        "kqtl11.r5b2": 7.727722446158204e-05,
        "kqt12.r5b2": 0.0002965651114690186,
        "kqt13.r5b2": -8.364916244914393e-06
    },
    "my_ip": 5,
    "my_optics": 30,
    "my_beam": "b2",
    "i_wire_ip1.b2": 0.0,
    "i_wire_ip5.b2": 350.0,
    "tct_opening_in_sigma": 8,
    "sigma_y_at_tctpv_4r1_b2": 0.0005848056639966425,
    "sigma_x_at_tctph_4r5_b2": 0.0011014869888555253,
    "wire_retraction": 0.003,
    "d_wire_ip1.b2": 0.00767844531197314,
    "d_wire_ip5.b2": 0.011811895910844201,
    "k_0": {
        "kq5.r5b2": -0.00194213206923,
        "kq6.l5b2": -0.000322580651773,
        "kq7.r5b2": -0.00727568607311,
        "kq8.r5b2": 0.00777204419047,
        "kq9.r5b2": -0.00644539899507,
        "kq10.r5b2": 0.0070171766465,
        "kqtl11.r5b2": 0.00280088861473,
        "kqt12.r5b2": -0.00215672284025,
        "kqt13.r5b2": -0.00138145708621
    },
    "k": {
        "kq5.r5b2": -0.0019176079868937967,
        "kq6.l5b2": -0.00032258065177311366,
        "kq7.r5b2": -0.007279241026539159,
        "kq8.r5b2": 0.007738479023466829,
        "kq9.r5b2": -0.006445396727717336,
        "kq10.r5b2": 0.007015333077336991,
        "kqtl11.r5b2": 0.002878165839191582,
        "kqt12.r5b2": -0.0018601577287809814,
        "kqt13.r5b2": -0.0013898220024549145
    },
    "kmin": {
        "kq5.r5b2": 0.00019632238313241118,
        "kq6.l5b2": 0.00019632238313241118,
        "kq7.r5b2": 0.00019632238313241118,
        "kq8.r5b2": 0.00019632238313241118,
        "kq9.r5b2": 0.00019632238313241118,
        "kq10.r5b2": 0.00019632238313241118,
        "kqtl11.r5b2": -0.00551095843062012,
        "kqt12.r5b2": -0.005422783095730198,
        "kqt13.r5b2": -0.005422783095730198
    },
    "kmax": {
        "kq5.r5b2": 0.008817533488992191,
        "kq6.l5b2": 0.008817533488992191,
        "kq7.r5b2": 0.008817533488992191,
        "kq8.r5b2": 0.008817533488992191,
        "kq9.r5b2": 0.008817533488992191,
        "kq10.r5b2": 0.008817533488992191,
        "kqtl11.r5b2": 0.00551095843062012,
        "kqt12.r5b2": 0.005422783095730198,
        "kqt13.r5b2": 0.005422783095730198
    },
    "k_relative_variation_percent": {
        "kq5.r5b2": -1.2627401979890298,
        "kq6.l5b2": 3.524112685338475e-11,
        "kq7.r5b2": 0.04886073139272294,
        "kq8.r5b2": -0.43187051154865985,
        "kq9.r5b2": -3.5177848042945016e-05,
        "kq10.r5b2": -0.026272235343096854,
        "kqtl11.r5b2": 2.7590252627390326,
        "kqt12.r5b2": -13.750728926978942,
        "kqt13.r5b2": 0.605514013313535
    }
}