{
    "k_delta": {
        "kq5.r1b2": -0.0001165270327682683,
        "kq6.r1b2": 9.371383378066697e-05,
        "kq7.r1b2": -4.442653117788782e-05,
        "kq8.r1b2": 7.573109658860944e-06,
        "kq9.r1b2": -5.477185842162566e-06,
        "kq10.r1b2": -5.4287269110867244e-06,
        "kqtl11.r1b2": 0.00015750889701000222,
        "kqt12.r1b2": -0.00013144127010291585,
        "kqt13.r1b2": 0.00019665801204900865
    },
    "my_ip": 1,
    "my_optics": 30,
    "my_beam": "b2",
    "i_wire_ip1.b2": 350.0,
    "i_wire_ip5.b2": 0.0,
    "tct_opening_in_sigma": 8,
    "sigma_y_at_tctpv_4r1_b2": 0.0005848056639966425,
    "sigma_x_at_tctph_4r5_b2": 0.0011014869888555253,
    "wire_retraction": 0.003,
    "d_wire_ip1.b2": 0.00767844531197314,
    "d_wire_ip5.b2": 0.011811895910844201,
    "k_0": {
        "kq5.r1b2": -0.00160352034309,
        "kq6.r1b2": 0.00182537912113,
        "kq7.r1b2": -0.00689433892203,
        "kq8.r1b2": 0.00763895880942,
        "kq9.r1b2": -0.00652282602326,
        "kq10.r1b2": 0.00690973765732,
        "kqtl11.r1b2": 0.00134367208182,
        "kqt12.r1b2": -0.00123289399776,
        "kqt13.r1b2": -0.00120130527148
    },
    "k": {
        "kq5.r1b2": -0.0017200473758582683,
        "kq6.r1b2": 0.0019190929549106669,
        "kq7.r1b2": -0.006938765453207887,
        "kq8.r1b2": 0.0076465319190788614,
        "kq9.r1b2": -0.006528303209102162,
        "kq10.r1b2": 0.006904308930408913,
        "kqtl11.r1b2": 0.0015011809788300023,
        "kqt12.r1b2": -0.0013643352678629158,
        "kqt13.r1b2": -0.0010046472594309915
    },
    "kmin": {
        "kq5.r1b2": 0.00019641055846730108,
        "kq6.r1b2": 0.00019641055846730108,
        "kq7.r1b2": 0.00019632238313241118,
        "kq8.r1b2": 0.00019632238313241118,
        "kq9.r1b2": 0.00019632238313241118,
        "kq10.r1b2": 0.00019632238313241118,
        "kqtl11.r1b2": -0.00551095843062012,
        "kqt12.r1b2": -0.005422783095730198,
        "kqt13.r1b2": -0.005422783095730198
    },
    "kmax": {
        "kq5.r1b2": 0.0070540267911937534,
        "kq6.r1b2": 0.0070540267911937534,
        "kq7.r1b2": 0.008817533488992191,
        "kq8.r1b2": 0.008817533488992191,
        "kq9.r1b2": 0.008817533488992191,
        "kq10.r1b2": 0.008817533488992191,
        "kqtl11.r1b2": 0.00551095843062012,
        "kqt12.r1b2": 0.005422783095730198,
        "kqt13.r1b2": 0.005422783095730198
    },
    "k_relative_variation_percent": {
        "kq5.r1b2": 7.266950698219364,
        "kq6.r1b2": 5.133938078718325,
        "kq7.r1b2": 0.6443914591423462,
        "kq8.r1b2": 0.09913798264656365,
        "kq9.r1b2": 0.0839695221462485,
        "kq10.r1b2": -0.07856632451646944,
        "kqtl11.r1b2": 11.722272058868475,
        "kqt12.r1b2": 10.661197989586023,
        "kqt13.r1b2": -16.370361199424963
    },
    "kmax_relative_variation_percent": {
        "kq5.r1b2": 1.6519221746328017,
        "kq6.r1b2": 1.3285154218248691,
        "kq7.r1b2": 0.5038430671496729,
        "kq8.r1b2": 0.08588693956552833,
        "kq9.r1b2": 0.06211698372339935,
        "kq10.r1b2": 0.061567409047710984,
        "kqtl11.r1b2": 2.8581035221541042,
        "kqt12.r1b2": 2.4238710599804434,
        "kqt13.r1b2": 3.6265144405988443
    }
}