{
    "k_delta": {
        "kq5.r1b2": -0.00011692975887505202,
        "kq6.r1b2": 9.436826430113431e-05,
        "kq7.r1b2": -4.486319786368923e-05,
        "kq8.r1b2": 7.632039405223095e-06,
        "kq9.r1b2": -5.464045587317688e-06,
        "kq10.r1b2": -5.515350638949129e-06,
        "kqtl11.r1b2": 0.00015908706373646744,
        "kqt12.r1b2": -0.00013251953079172234,
        "kqt13.r1b2": 0.0001973730487270365
    },
    "my_ip": 1,
    "my_optics": 30,
    "my_beam": "b2",
    "i_wire_ip1.b2": 350.0,
    "i_wire_ip5.b2": 0.0,
    "k_wire_ip1": 0.00010391239676044332,
    "k_wire_ip5": -0.0,
    "tct_opening_in_sigma": 8,
    "sigma_y_at_tctpv_4r1_b2": 0.0005883828502156186,
    "sigma_x_at_tctph_4r5_b2": 0.0011025276252944532,
    "wire_retraction": 0.003,
    "d_wire_ip1.b2": 0.007707062801724949,
    "d_wire_ip5.b2": 0.011820221002355625,
    "k_0": {
        "kq5.r1b2": -0.00160352034309,
        "kq6.r1b2": 0.00182537912113,
        "kq7.r1b2": -0.00689433892203,
        "kq8.r1b2": 0.00763895880942,
        "kq9.r1b2": -0.00652282602326,
        "kq10.r1b2": 0.00690973765732,
        "kqtl11.r1b2": 0.00134367208182,
        "kqt12.r1b2": -0.00123289399776,
        "kqt13.r1b2": -0.00120130527148
    },
    "k": {
        "kq5.r1b2": -0.001720450101965052,
        "kq6.r1b2": 0.0019197473854311344,
        "kq7.r1b2": -0.006939202119893689,
        "kq8.r1b2": 0.007646590848825224,
        "kq9.r1b2": -0.0065282900688473176,
        "kq10.r1b2": 0.00690422230668105,
        "kqtl11.r1b2": 0.0015027591455564675,
        "kqt12.r1b2": -0.0013654135285517224,
        "kqt13.r1b2": -0.0010039322227529636
    },
    "kmin": {
        "kq5.r1b2": 0.00019641055846730108,
        "kq6.r1b2": 0.00019641055846730108,
        "kq7.r1b2": 0.00019632238313241118,
        "kq8.r1b2": 0.00019632238313241118,
        "kq9.r1b2": 0.00019632238313241118,
        "kq10.r1b2": 0.00019632238313241118,
        "kqtl11.r1b2": -0.00551095843062012,
        "kqt12.r1b2": -0.005422783095730198,
        "kqt13.r1b2": -0.005422783095730198
    },
    "kmax": {
        "kq5.r1b2": 0.0070540267911937534,
        "kq6.r1b2": 0.0070540267911937534,
        "kq7.r1b2": 0.008817533488992191,
        "kq8.r1b2": 0.008817533488992191,
        "kq9.r1b2": 0.008817533488992191,
        "kq10.r1b2": 0.008817533488992191,
        "kqtl11.r1b2": 0.00551095843062012,
        "kqt12.r1b2": 0.005422783095730198,
        "kqt13.r1b2": 0.005422783095730198
    },
    "k_relative_variation_percent": {
        "kq5.r1b2": 7.292065821237241,
        "kq6.r1b2": 5.169789837560741,
        "kq7.r1b2": 0.6507251582937775,
        "kq8.r1b2": 0.09990941953779917,
        "kq9.r1b2": 0.08376807181171526,
        "kq10.r1b2": -0.0798199716469164,
        "kqtl11.r1b2": 11.839723835073247,
        "kqt12.r1b2": 10.748655685930196,
        "kqt13.r1b2": -16.429882846004183
    },
    "kmax_relative_variation_percent": {
        "kq5.r1b2": 1.6576313407403998,
        "kq6.r1b2": 1.3377928252121702,
        "kq7.r1b2": 0.508795321500014,
        "kq8.r1b2": 0.08655526417621133,
        "kq9.r1b2": 0.0619679595675934,
        "kq10.r1b2": 0.06254981221034762,
        "kqtl11.r1b2": 2.8867404053085224,
        "kqt12.r1b2": 2.443754958520577,
        "kqt13.r1b2": 3.6397002285126336
    },
    "k_delta/k_wire_ip1": {
        "kq5.r1b2": -1.125272465273018,
        "kq6.r1b2": 0.9081521285539031,
        "kq7.r1b2": -0.43174057439090324,
        "kq8.r1b2": 0.07344686142518472,
        "kq9.r1b2": -0.05258319274373339,
        "kq10.r1b2": -0.053076926438950886,
        "kqtl11.r1b2": 1.530972903100505,
        "kqt12.r1b2": -1.2753004927528433,
        "kqt13.r1b2": 1.899417729552083
    }
}