{
    "k_delta": {
        "kq4.r5b2": 3.0256700579421146e-05,
        "kq5.r5b2": -2.7320349569294002e-05,
        "kq7.r5b2": 9.243495146841425e-07,
        "kq8.r5b2": 2.7481441787263434e-06,
        "kq9.r5b2": -5.665563625403292e-06,
        "kq10.r5b2": -5.68229203140631e-07,
        "kqtl11.r5b2": 4.985293192137587e-05,
        "kqt12.r5b2": -5.7135319996942804e-05,
        "kqt13.r5b2": 0.00011210746100022363
    },
    "my_ip": 5,
    "my_optics": 30,
    "my_beam": "b2",
    "i_wire_ip1.b2": 0.0,
    "i_wire_ip5.b2": 350.0,
    "tct_opening_in_sigma": 8,
    "sigma_y_at_tctpv_4r1_b2": 0.0005848056639966425,
    "sigma_x_at_tctph_4r5_b2": 0.0011014869888555253,
    "wire_retraction": 0.003,
    "d_wire_ip1.b2": 0.00767844531197314,
    "d_wire_ip5.b2": 0.011811895910844201,
    "k_0": {
        "kq4.r5b2": 0.00338572138643,
        "kq5.r5b2": -0.00194213206923,
        "kq7.r5b2": -0.00727568607311,
        "kq8.r5b2": 0.00777204419047,
        "kq9.r5b2": -0.00644539899507,
        "kq10.r5b2": 0.0070171766465,
        "kqtl11.r5b2": 0.00280088861473,
        "kqt12.r5b2": -0.00215672284025,
        "kqt13.r5b2": -0.00138145708621
    },
    "k": {
        "kq4.r5b2": 0.003415978087009421,
        "kq5.r5b2": -0.001969452418799294,
        "kq7.r5b2": -0.007274761723595316,
        "kq8.r5b2": 0.007774792334648726,
        "kq9.r5b2": -0.006451064558695404,
        "kq10.r5b2": 0.00701660841729686,
        "kqtl11.r5b2": 0.002850741546651376,
        "kqt12.r5b2": -0.002213858160246943,
        "kqt13.r5b2": -0.0012693496252097764
    },
    "kmin": {
        "kq4.r5b2": 0.00015633486875983157,
        "kq5.r5b2": 0.00019641055846730108,
        "kq7.r5b2": 0.00019632238313241118,
        "kq8.r5b2": 0.00019632238313241118,
        "kq9.r5b2": 0.00019632238313241118,
        "kq10.r5b2": 0.00019632238313241118,
        "kqtl11.r5b2": -0.00551095843062012,
        "kqt12.r5b2": -0.005422783095730198,
        "kqt13.r5b2": -0.005422783095730198
    },
    "kmax": {
        "kq4.r5b2": 0.0070540267911937534,
        "kq5.r5b2": 0.0070540267911937534,
        "kq7.r5b2": 0.008817533488992191,
        "kq8.r5b2": 0.008817533488992191,
        "kq9.r5b2": 0.008817533488992191,
        "kq10.r5b2": 0.008817533488992191,
        "kqtl11.r5b2": 0.00551095843062012,
        "kqt12.r5b2": 0.005422783095730198,
        "kqt13.r5b2": 0.005422783095730198
    },
    "k_relative_variation_percent": {
        "kq4.r5b2": 0.8936559487939634,
        "kq5.r5b2": 1.4067194503474596,
        "kq7.r5b2": -0.012704637135189484,
        "kq8.r5b2": 0.03535934834359395,
        "kq9.r5b2": 0.08790089845076784,
        "kq10.r5b2": -0.008097689879647681,
        "kqtl11.r5b2": 1.779896981950551,
        "kqt12.r5b2": 2.649173038401164,
        "kqt13.r5b2": -8.1151605879983
    },
    "kmax_relative_variation_percent": {
        "kq4.r5b2": 0.42892806442404796,
        "kq5.r5b2": 0.38730147159918255,
        "kq7.r5b2": 0.010483084820013448,
        "kq8.r5b2": 0.031166813056702606,
        "kq9.r5b2": 0.06425338369824375,
        "kq10.r5b2": 0.006444310121986022,
        "kqtl11.r5b2": 0.9046145520601607,
        "kqt12.r5b2": 1.053616178045737,
        "kqt13.r5b2": 2.0673417878080915
    }
}