{
    "k_delta": {
        "kq5.r1b2": -0.00011279813301275793,
        "kq6.r1b2": 8.629480398642375e-05,
        "kq7.r1b2": -4.05351821705146e-05,
        "kq8.r1b2": 1.9823581654631323e-05,
        "kq9.r1b2": -5.9779005924023665e-06,
        "kq10.r1b2": -5.204470052962937e-06,
        "kqtl11.r1b2": 0.00013899508093292287,
        "kqt12.r1b2": -0.0002392996176974147,
        "kqt13.r1b2": 0.0002007306316652791
    },
    "my_ip": 1,
    "my_optics": 30,
    "my_beam": "b2",
    "i_wire_ip1.b2": 350.0,
    "i_wire_ip5.b2": 0.0,
    "tct_opening_in_sigma": 8,
    "sigma_y_at_tctpv_4r1_b2": 0.0005848056639966425,
    "sigma_x_at_tctph_4r5_b2": 0.0011014869888555253,
    "wire_retraction": 0.003,
    "d_wire_ip1.b2": 0.00767844531197314,
    "d_wire_ip5.b2": 0.011811895910844201,
    "k_0": {
        "kq5.r1b2": -0.00160352034309,
        "kq6.r1b2": 0.00182537912113,
        "kq7.r1b2": -0.00689433892203,
        "kq8.r1b2": 0.00763895880942,
        "kq9.r1b2": -0.00652282602326,
        "kq10.r1b2": 0.00690973765732,
        "kqtl11.r1b2": 0.00134367208182,
        "kqt12.r1b2": -0.00123289399776,
        "kqt13.r1b2": -0.00120130527148
    },
    "k": {
        "kq5.r1b2": -0.001716318476102758,
        "kq6.r1b2": 0.0019116739251164236,
        "kq7.r1b2": -0.006934874104200514,
        "kq8.r1b2": 0.007658782391074631,
        "kq9.r1b2": -0.006528803923852402,
        "kq10.r1b2": 0.006904533187267037,
        "kqtl11.r1b2": 0.001482667162752923,
        "kqt12.r1b2": -0.0014721936154574147,
        "kqt13.r1b2": -0.001000574639814721
    },
    "kmin": {
        "kq5.r1b2": 0.00019632238313241118,
        "kq6.r1b2": 0.00019632238313241118,
        "kq7.r1b2": 0.00019632238313241118,
        "kq8.r1b2": 0.00019632238313241118,
        "kq9.r1b2": 0.00019632238313241118,
        "kq10.r1b2": 0.00019632238313241118,
        "kqtl11.r1b2": -0.00551095843062012,
        "kqt12.r1b2": -0.005422783095730198,
        "kqt13.r1b2": -0.005422783095730198
    },
    "kmax": {
        "kq5.r1b2": 0.008817533488992191,
        "kq6.r1b2": 0.008817533488992191,
        "kq7.r1b2": 0.008817533488992191,
        "kq8.r1b2": 0.008817533488992191,
        "kq9.r1b2": 0.008817533488992191,
        "kq10.r1b2": 0.008817533488992191,
        "kqtl11.r1b2": 0.00551095843062012,
        "kqt12.r1b2": 0.005422783095730198,
        "kqt13.r1b2": 0.005422783095730198
    },
    "k_relative_variation_percent": {
        "kq5.r1b2": 7.034406111455673,
        "kq6.r1b2": 4.727500330616414,
        "kq7.r1b2": 0.5879487885486668,
        "kq8.r1b2": 0.2595063299750462,
        "kq9.r1b2": 0.0916458690004231,
        "kq10.r1b2": -0.0753208053774582,
        "kqtl11.r1b2": 10.344419804023497,
        "kqt12.r1b2": 19.409585749641852,
        "kqt13.r1b2": -16.709377410621055
    }
}