{
    "k_delta": {
        "kq5.r5b2": 2.452362354756277e-05,
        "kq6.l5b2": -1.204201814831473e-16,
        "kq7.r5b2": -3.5507107741745905e-06,
        "kq8.r5b2": -3.356531610330197e-05,
        "kq9.r5b2": 1.160765907896405e-09,
        "kq10.r5b2": -1.8425183328040544e-06,
        "kqtl11.r5b2": 7.726001829346425e-05,
        "kqt12.r5b2": 0.00029656915287929863,
        "kqt13.r5b2": -8.35187387460642e-06
    },
    "my_ip": 5,
    "my_optics": 30,
    "my_beam": "b2",
    "i_wire_ip1.b2": 0.0,
    "i_wire_ip5.b2": 350.0,
    "tct_opening_in_sigma": 8,
    "sigma_y_at_tctpv_4r1_b2": 0.0005848056639966425,
    "sigma_x_at_tctph_4r5_b2": 0.0011014869888555253,
    "wire_retraction": 0.003,
    "d_wire_ip1.b2": 0.00767844531197314,
    "d_wire_ip5.b2": 0.011811895910844201,
    "k_0": {
        "kq5.r5b2": -0.00194213206923,
        "kq6.l5b2": -0.000322580651773,
        "kq7.r5b2": -0.00727568607311,
        "kq8.r5b2": 0.00777204419047,
        "kq9.r5b2": -0.00644539899507,
        "kq10.r5b2": 0.0070171766465,
        "kqtl11.r5b2": 0.00280088861473,
        "kqt12.r5b2": -0.00215672284025,
        "kqt13.r5b2": -0.00138145708621
    },
    "k": {
        "kq5.r5b2": -0.0019176084456824373,
        "kq6.l5b2": -0.0003225806517731204,
        "kq7.r5b2": -0.007279236783884174,
        "kq8.r5b2": 0.007738478874366698,
        "kq9.r5b2": -0.006445397834304092,
        "kq10.r5b2": 0.007015334128167196,
        "kqtl11.r5b2": 0.0028781486330234645,
        "kqt12.r5b2": -0.0018601536873707014,
        "kqt13.r5b2": -0.0013898089600846064
    },
    "kmin": {
        "kq5.r5b2": 0.00019632238313241118,
        "kq6.l5b2": 0.00019632238313241118,
        "kq7.r5b2": 0.00019632238313241118,
        "kq8.r5b2": 0.00019632238313241118,
        "kq9.r5b2": 0.00019632238313241118,
        "kq10.r5b2": 0.00019632238313241118,
        "kqtl11.r5b2": -0.00551095843062012,
        "kqt12.r5b2": -0.005422783095730198,
        "kqt13.r5b2": -0.005422783095730198
    },
    "kmax": {
        "kq5.r5b2": 0.008817533488992191,
        "kq6.l5b2": 0.008817533488992191,
        "kq7.r5b2": 0.008817533488992191,
        "kq8.r5b2": 0.008817533488992191,
        "kq9.r5b2": 0.008817533488992191,
        "kq10.r5b2": 0.008817533488992191,
        "kqtl11.r5b2": 0.00551095843062012,
        "kqt12.r5b2": 0.005422783095730198,
        "kqt13.r5b2": 0.005422783095730198
    },
    "kmax_relative_variation_percent": {
        "kq5.r5b2": -1.2627165750517517,
        "kq6.l5b2": 3.733025549464355e-11,
        "kq7.r5b2": 0.04880241861035705,
        "kq8.r5b2": -0.431872429964557,
        "kq9.r5b2": -1.8009217253800104e-05,
        "kq10.r5b2": -0.02625726022905606,
        "kqtl11.r5b2": 2.758410951694056,
        "kqt12.r5b2": -13.750916313610393,
        "kqt13.r5b2": 0.6045699108554735
    }
}