{
    "k_delta": {
        "kq5.l1b1": -0.00011909035258828782,
        "kq6.l1b1": 9.391670638601498e-05,
        "kq7.l1b1": -2.8322062404748735e-05,
        "kq8.l1b1": 4.575029812896111e-06,
        "kq9.l1b1": -8.616739816155639e-06,
        "kq10.l1b1": -1.8998579820696694e-06,
        "kqtl11.l1b1": 8.958857770462978e-05,
        "kqt12.l1b1": -8.377461151299782e-05,
        "kqt13.l1b1": 0.000207021740033428
    },
    "my_ip": 1,
    "my_optics": 30,
    "my_beam": "b1",
    "i_wire_ip1.b1": 350.0,
    "i_wire_ip5.b1": 0.0,
    "k_wire_ip1": 0.00010468840307123347,
    "k_wire_ip5": 0.0,
    "tct_opening_in_sigma": 8,
    "sigma_y_at_tctpv_4l1_b1": 0.0005848056549666538,
    "sigma_x_at_tctph_4l5_b1": 0.0011014869805572626,
    "wire_retraction": 0.003,
    "d_wire_ip1.b1": 0.0076784452397332306,
    "d_wire_ip5.b1": 0.0118118958444581,
    "k_0": {
        "kq5.l1b1": -0.00160352034309,
        "kq6.l1b1": 0.00170665114394,
        "kq7.l1b1": -0.00670321503785,
        "kq8.l1b1": 0.007743607763,
        "kq9.l1b1": -0.00685155746183,
        "kq10.l1b1": 0.00696067027901,
        "kqtl11.l1b1": 0.000567217148913,
        "kqt12.l1b1": -0.000782564563728,
        "kqt13.l1b1": 0.00248701379072
    },
    "k": {
        "kq5.l1b1": -0.0017226106956782878,
        "kq6.l1b1": 0.0018005678503260148,
        "kq7.l1b1": -0.006731537100254749,
        "kq8.l1b1": 0.007748182792812896,
        "kq9.l1b1": -0.006860174201646156,
        "kq10.l1b1": 0.006958770421027931,
        "kqtl11.l1b1": 0.0006568057266176297,
        "kqt12.l1b1": -0.0008663391752409978,
        "kqt13.l1b1": 0.002694035530753428
    },
    "kmin": {
        "kq5.l1b1": 0.00019641055846730108,
        "kq6.l1b1": 0.00019641055846730108,
        "kq7.l1b1": 0.00019632238313241118,
        "kq8.l1b1": 0.00019632238313241118,
        "kq9.l1b1": 0.00019632238313241118,
        "kq10.l1b1": 0.00019632238313241118,
        "kqtl11.l1b1": -0.00551095843062012,
        "kqt12.l1b1": -0.005422783095730198,
        "kqt13.l1b1": -0.005422783095730198
    },
    "kmax": {
        "kq5.l1b1": 0.0070540267911937534,
        "kq6.l1b1": 0.0070540267911937534,
        "kq7.l1b1": 0.008817533488992191,
        "kq8.l1b1": 0.008817533488992191,
        "kq9.l1b1": 0.008817533488992191,
        "kq10.l1b1": 0.008817533488992191,
        "kqtl11.l1b1": 0.00551095843062012,
        "kqt12.l1b1": 0.005422783095730198,
        "kqt13.l1b1": 0.005422783095730198
    },
    "k_relative_variation_percent": {
        "kq5.l1b1": 7.426806469994605,
        "kq6.l1b1": 5.502982066340604,
        "kq7.l1b1": 0.4225146029901615,
        "kq8.l1b1": 0.05908137334584816,
        "kq9.l1b1": 0.1257632277647741,
        "kq10.l1b1": -0.027294181535917856,
        "kqtl11.l1b1": 15.794405700940983,
        "kqt12.l1b1": 10.705137364501953,
        "kqt13.l1b1": 8.324109050215375
    },
    "kmax_relative_variation_percent": {
        "kq5.l1b1": 1.6882605653973444,
        "kq6.l1b1": 1.3313914047400641,
        "kq7.l1b1": 0.3212016426147516,
        "kq8.l1b1": 0.05188559610924731,
        "kq9.l1b1": 0.09772279092461374,
        "kq10.l1b1": 0.021546365368971403,
        "kqtl11.l1b1": 1.625644229266103,
        "kqt12.l1b1": 1.5448637726071037,
        "kqt13.l1b1": 3.817628999331233
    },
    "k_delta/k_wire_ip1": {
        "kq5.l1b1": -1.1375696743339831,
        "kq6.l1b1": 0.8971070685079696,
        "kq7.l1b1": -0.2705367698223218,
        "kq8.l1b1": 0.04370140033355088,
        "kq9.l1b1": -0.08230844643119184,
        "kq10.l1b1": -0.018147740593358205,
        "kqtl11.l1b1": 0.8557641063993567,
        "kqt12.l1b1": -0.8002281919994022,
        "kqt13.l1b1": 1.9775040401806832
    }
}