{
    "k_delta": {
        "kq4.l5b1": 3.059130681836068e-05,
        "kq5.l5b1": -2.749904756886021e-05,
        "kq7.l5b1": -6.88842144637741e-06,
        "kq8.l5b1": 2.9874807103117025e-06,
        "kq9.l5b1": -5.925880034234142e-07,
        "kq10.l5b1": -3.6262117341677486e-06,
        "kqtl11.l5b1": 8.140059570271121e-05,
        "kqt12.l5b1": -5.5345097921945176e-05,
        "kqt13.l5b1": 4.44136865469418e-05
    },
    "my_ip": 5,
    "my_optics": 30,
    "my_beam": "b1",
    "i_wire_ip1.b1": 0.0,
    "i_wire_ip5.b1": 350.0,
    "k_wire_ip1": 0.0,
    "k_wire_ip5": -4.4176771053726915e-05,
    "tct_opening_in_sigma": 8,
    "sigma_y_at_tctpv_4l1_b1": 0.000588382841075742,
    "sigma_x_at_tctph_4l5_b1": 0.0011025276169903475,
    "wire_retraction": 0.003,
    "d_wire_ip1.b1": 0.007707062728605936,
    "d_wire_ip5.b1": 0.01182022093592278,
    "k_0": {
        "kq4.l5b1": 0.00348610526342,
        "kq5.l5b1": -0.00215335522036,
        "kq7.l5b1": -0.00703393382042,
        "kq8.l5b1": 0.00783967055175,
        "kq9.l5b1": -0.00664472235184,
        "kq10.l5b1": 0.00703681858794,
        "kqtl11.l5b1": 0.00182468617483,
        "kqt12.l5b1": -0.00124751358961,
        "kqt13.l5b1": 0.0008107986694
    },
    "k": {
        "kq4.l5b1": 0.0035166965702383606,
        "kq5.l5b1": -0.00218085426792886,
        "kq7.l5b1": -0.007040822241866378,
        "kq8.l5b1": 0.007842658032460311,
        "kq9.l5b1": -0.006645314939843424,
        "kq10.l5b1": 0.007033192376205832,
        "kqtl11.l5b1": 0.0019060867705327112,
        "kqt12.l5b1": -0.001302858687531945,
        "kqt13.l5b1": 0.0008552123559469418
    },
    "kmin": {
        "kq4.l5b1": 0.00015633486875983157,
        "kq5.l5b1": 0.00019641055846730108,
        "kq7.l5b1": 0.00019632238313241118,
        "kq8.l5b1": 0.00019632238313241118,
        "kq9.l5b1": 0.00019632238313241118,
        "kq10.l5b1": 0.00019632238313241118,
        "kqtl11.l5b1": -0.00551095843062012,
        "kqt12.l5b1": -0.005422783095730198,
        "kqt13.l5b1": -0.005422783095730198
    },
    "kmax": {
        "kq4.l5b1": 0.0070540267911937534,
        "kq5.l5b1": 0.0070540267911937534,
        "kq7.l5b1": 0.008817533488992191,
        "kq8.l5b1": 0.008817533488992191,
        "kq9.l5b1": 0.008817533488992191,
        "kq10.l5b1": 0.008817533488992191,
        "kqtl11.l5b1": 0.00551095843062012,
        "kqt12.l5b1": 0.005422783095730198,
        "kqt13.l5b1": 0.005422783095730198
    },
    "k_relative_variation_percent": {
        "kq4.l5b1": 0.8775210301122537,
        "kq5.l5b1": 1.2770325726501779,
        "kq7.l5b1": 0.09793128030832253,
        "kq8.l5b1": 0.038107222626145,
        "kq9.l5b1": 0.008918175539107662,
        "kq10.l5b1": -0.05153197697013968,
        "kqtl11.l5b1": 4.46107373561347,
        "kqt12.l5b1": 4.436432467180359,
        "kqt13.l5b1": 5.477770033812268
    },
    "kmax_relative_variation_percent": {
        "kq4.l5b1": 0.43367154284912646,
        "kq5.l5b1": 0.389834748050433,
        "kq7.l5b1": 0.07812186316022407,
        "kq8.l5b1": 0.03388113823487343,
        "kq9.l5b1": 0.006720564250345078,
        "kq10.l5b1": 0.0411250123256658,
        "kqtl11.l5b1": 1.4770678590212414,
        "kqt12.l5b1": 1.0206032021734912,
        "kqt13.l5b1": 0.8190201555712663
    },
    "k_delta/k_wire_ip5": {
        "kq4.l5b1": -0.6924749384955305,
        "kq5.l5b1": 0.6224775354318316,
        "kq7.l5b1": 0.15592858604355325,
        "kq8.l5b1": -0.06762560139758489,
        "kq9.l5b1": 0.013414018030034844,
        "kq10.l5b1": 0.08208412809885135,
        "kqtl11.l5b1": -1.8426108056587798,
        "kqt12.l5b1": 1.252809940650383,
        "kqt13.l5b1": -1.0053628974586384
    }
}