{
    "k_delta": {
        "kq4.r5b2": 3.0257095196530477e-05,
        "kq5.r5b2": -2.732049165176025e-05,
        "kq7.r5b2": 9.195154710124126e-07,
        "kq8.r5b2": 2.7488403375883185e-06,
        "kq9.r5b2": -5.664331765647113e-06,
        "kq10.r5b2": -5.69443910196115e-07,
        "kqtl11.r5b2": 4.987253601476109e-05,
        "kqt12.r5b2": -5.714536187406641e-05,
        "kqt13.r5b2": 0.0001120936371031378
    },
    "my_ip": 5,
    "my_optics": 30,
    "my_beam": "b2",
    "i_wire_ip1.b2": 0.0,
    "i_wire_ip5.b2": 350.0,
    "tct_opening_in_sigma": 8,
    "sigma_y_at_tctpv_4r1_b2": 0.0005848056639966425,
    "sigma_x_at_tctph_4r5_b2": 0.0011014869888555253,
    "wire_retraction": 0.003,
    "d_wire_ip1.b2": 0.00767844531197314,
    "d_wire_ip5.b2": 0.011811895910844201,
    "k_0": {
        "kq4.r5b2": 0.00338572138643,
        "kq5.r5b2": -0.00194213206923,
        "kq7.r5b2": -0.00727568607311,
        "kq8.r5b2": 0.00777204419047,
        "kq9.r5b2": -0.00644539899507,
        "kq10.r5b2": 0.0070171766465,
        "kqtl11.r5b2": 0.00280088861473,
        "kqt12.r5b2": -0.00215672284025,
        "kqt13.r5b2": -0.00138145708621
    },
    "k": {
        "kq4.r5b2": 0.0034159784816265304,
        "kq5.r5b2": -0.0019694525608817603,
        "kq7.r5b2": -0.007274766557638987,
        "kq8.r5b2": 0.007774793030807588,
        "kq9.r5b2": -0.006451063326835647,
        "kq10.r5b2": 0.007016607202589804,
        "kqtl11.r5b2": 0.002850761150744761,
        "kqt12.r5b2": -0.0022138682021240665,
        "kqt13.r5b2": -0.0012693634491068623
    },
    "kmin": {
        "kq4.r5b2": 0.00015633486875983157,
        "kq5.r5b2": 0.00019641055846730108,
        "kq7.r5b2": 0.00019632238313241118,
        "kq8.r5b2": 0.00019632238313241118,
        "kq9.r5b2": 0.00019632238313241118,
        "kq10.r5b2": 0.00019632238313241118,
        "kqtl11.r5b2": -0.00551095843062012,
        "kqt12.r5b2": -0.005422783095730198,
        "kqt13.r5b2": -0.005422783095730198
    },
    "kmax": {
        "kq4.r5b2": 0.0070540267911937534,
        "kq5.r5b2": 0.0070540267911937534,
        "kq7.r5b2": 0.008817533488992191,
        "kq8.r5b2": 0.008817533488992191,
        "kq9.r5b2": 0.008817533488992191,
        "kq10.r5b2": 0.008817533488992191,
        "kqtl11.r5b2": 0.00551095843062012,
        "kqt12.r5b2": 0.005422783095730198,
        "kqt13.r5b2": 0.005422783095730198
    },
    "k_relative_variation_percent": {
        "kq4.r5b2": 0.8936676041271787,
        "kq5.r5b2": 1.406726766145829,
        "kq7.r5b2": -0.012638196065259379,
        "kq8.r5b2": 0.03536830556057463,
        "kq9.r5b2": 0.08788178621648846,
        "kq10.r5b2": -0.00811500036100901,
        "kqtl11.r5b2": 1.7805969060132976,
        "kqt12.r5b2": 2.6496386465421913,
        "kqt13.r5b2": -8.114159912897797
    },
    "kmax_relative_variation_percent": {
        "kq4.r5b2": 0.428933658634575,
        "kq5.r5b2": 0.3873034858028488,
        "kq7.r5b2": 0.010428261737370612,
        "kq8.r5b2": 0.031174708222202623,
        "kq9.r5b2": 0.06423941312747453,
        "kq10.r5b2": 0.006458086163290548,
        "kqtl11.r5b2": 0.9049702813517537,
        "kqt12.r5b2": 1.0538013574443286,
        "kqt13.r5b2": 2.0670868652555607
    }
}