{
    "k_delta": {
        "kq4.l1b1": -4.094288630483349e-05,
        "kq5.l1b1": 3.830154518030322e-05,
        "kq7.l1b1": 8.888375921850703e-06,
        "kq8.l1b1": -4.184316766657552e-06,
        "kq9.l1b1": 1.4203965807640606e-06,
        "kq10.l1b1": 4.713161811208085e-06,
        "kqtl11.l1b1": -0.00011038039377395585,
        "kqt12.l1b1": 7.660364217570963e-05,
        "kqt13.l1b1": -6.938154716835085e-05
    },
    "my_ip": 1,
    "my_optics": 60.18,
    "my_beam": "b1",
    "i_wire_ip1.b1": 350.0,
    "i_wire_ip5.b1": 0.0,
    "k_wire_ip1": 5.57169902944021e-05,
    "k_wire_ip5": -0.0,
    "tct_opening_in_sigma": 8,
    "sigma_y_at_tctpv_4l1_b1": 0.0009406451452712724,
    "sigma_x_at_tctph_4l5_b1": 0.001335008816299152,
    "wire_retraction": 0.003,
    "d_wire_ip1.b1": 0.010525161162170178,
    "d_wire_ip5.b1": 0.013680070530393214,
    "k_0": {
        "kq4.l1b1": 0.00348610526342,
        "kq5.l1b1": -0.00215335522036,
        "kq7.l1b1": -0.00703393382042,
        "kq8.l1b1": 0.00783967055175,
        "kq9.l1b1": -0.00664472235184,
        "kq10.l1b1": 0.00703681858794,
        "kqtl11.l1b1": 0.00182468617483,
        "kqt12.l1b1": -0.00124751358961,
        "kqt13.l1b1": 0.0008107986694
    },
    "k": {
        "kq4.l1b1": 0.0034451623771151667,
        "kq5.l1b1": -0.0021150536751796964,
        "kq7.l1b1": -0.00702504544449815,
        "kq8.l1b1": 0.007835486234983343,
        "kq9.l1b1": -0.006643301955259236,
        "kq10.l1b1": 0.007041531749751208,
        "kqtl11.l1b1": 0.001714305781056044,
        "kqt12.l1b1": -0.0011709099474342902,
        "kqt13.l1b1": 0.0007414171222316491
    },
    "kmin": {
        "kq4.l1b1": 0.00015633486875983157,
        "kq5.l1b1": 0.00019641055846730108,
        "kq7.l1b1": 0.00019632238313241118,
        "kq8.l1b1": 0.00019632238313241118,
        "kq9.l1b1": 0.00019632238313241118,
        "kq10.l1b1": 0.00019632238313241118,
        "kqtl11.l1b1": -0.00551095843062012,
        "kqt12.l1b1": -0.005422783095730198,
        "kqt13.l1b1": -0.005422783095730198
    },
    "kmax": {
        "kq4.l1b1": 0.0070540267911937534,
        "kq5.l1b1": 0.0070540267911937534,
        "kq7.l1b1": 0.008817533488992191,
        "kq8.l1b1": 0.008817533488992191,
        "kq9.l1b1": 0.008817533488992191,
        "kq10.l1b1": 0.008817533488992191,
        "kqtl11.l1b1": 0.00551095843062012,
        "kqt12.l1b1": 0.005422783095730198,
        "kqt13.l1b1": 0.005422783095730198
    },
    "k_relative_variation_percent": {
        "kq4.l1b1": -1.174459266461363,
        "kq5.l1b1": -1.7786914494256056,
        "kq7.l1b1": -0.12636422446920284,
        "kq8.l1b1": -0.05337363016770537,
        "kq9.l1b1": -0.02137631198948044,
        "kq10.l1b1": 0.06697858914944466,
        "kqtl11.l1b1": -6.049280983029295,
        "kqt12.l1b1": -6.140505627650726,
        "kqt13.l1b1": -8.557185622874043
    },
    "kmax_relative_variation_percent": {
        "kq4.l1b1": 0.5804186391232109,
        "kq5.l1b1": 0.5429741949395326,
        "kq7.l1b1": 0.10080342686474571,
        "kq8.l1b1": 0.04745450382333396,
        "kq9.l1b1": 0.01610877443830844,
        "kq10.l1b1": 0.05345215662738334,
        "kqtl11.l1b1": 2.0029255376098947,
        "kqt12.l1b1": 1.4126259675779023,
        "kqt13.l1b1": 1.279445368614884
    },
    "k_delta/k_wire_ip1": {
        "kq4.l1b1": -0.7348366465685967,
        "kq5.l1b1": 0.687430261001578,
        "kq7.l1b1": 0.15952720839524098,
        "kq8.l1b1": -0.07509947584297193,
        "kq9.l1b1": 0.025493060074832655,
        "kq10.l1b1": 0.08459110562692432,
        "kqtl11.l1b1": -1.9810903853693225,
        "kqt12.l1b1": 1.374870425896031,
        "kqt13.l1b1": -1.2452493719015838
    }
}