{
    "k_delta": {
        "kq4.r5b2": 3.068359409324224e-05,
        "kq5.r5b2": -2.804621655977396e-05,
        "kq7.r5b2": 9.94483549225411e-07,
        "kq8.r5b2": 2.8181011074261788e-06,
        "kq9.r5b2": -5.828108577175717e-06,
        "kq10.r5b2": -5.744468692630122e-07,
        "kqtl11.r5b2": 5.1120834250315054e-05,
        "kqt12.r5b2": -5.865521844341275e-05,
        "kqt13.r5b2": 0.0001152266977801954
    },
    "my_ip": 5,
    "my_optics": 30,
    "my_beam": "b2",
    "i_wire_ip1.b2": 0.0,
    "i_wire_ip5.b2": 350.0,
    "k_wire_ip1": 0.0,
    "k_wire_ip5": -4.417677055715606e-05,
    "tct_opening_in_sigma": 8,
    "sigma_y_at_tctpv_4r1_b2": 0.0005883828502156186,
    "sigma_x_at_tctph_4r5_b2": 0.0011025276252944532,
    "wire_retraction": 0.003,
    "d_wire_ip1.b2": 0.007707062801724949,
    "d_wire_ip5.b2": 0.011820221002355625,
    "k_0": {
        "kq4.r5b2": 0.00338572138643,
        "kq5.r5b2": -0.00194213206923,
        "kq7.r5b2": -0.00727568607311,
        "kq8.r5b2": 0.00777204419047,
        "kq9.r5b2": -0.00644539899507,
        "kq10.r5b2": 0.0070171766465,
        "kqtl11.r5b2": 0.00280088861473,
        "kqt12.r5b2": -0.00215672284025,
        "kqt13.r5b2": -0.00138145708621
    },
    "k": {
        "kq4.r5b2": 0.003416404980523242,
        "kq5.r5b2": -0.001970178285789774,
        "kq7.r5b2": -0.007274691589560774,
        "kq8.r5b2": 0.007774862291577426,
        "kq9.r5b2": -0.006451227103647175,
        "kq10.r5b2": 0.0070166021996307375,
        "kqtl11.r5b2": 0.002852009448980315,
        "kqt12.r5b2": -0.0022153780586934126,
        "kqt13.r5b2": -0.0012662303884298047
    },
    "kmin": {
        "kq4.r5b2": 0.00015633486875983157,
        "kq5.r5b2": 0.00019641055846730108,
        "kq7.r5b2": 0.00019632238313241118,
        "kq8.r5b2": 0.00019632238313241118,
        "kq9.r5b2": 0.00019632238313241118,
        "kq10.r5b2": 0.00019632238313241118,
        "kqtl11.r5b2": -0.00551095843062012,
        "kqt12.r5b2": -0.005422783095730198,
        "kqt13.r5b2": -0.005422783095730198
    },
    "kmax": {
        "kq4.r5b2": 0.0070540267911937534,
        "kq5.r5b2": 0.0070540267911937534,
        "kq7.r5b2": 0.008817533488992191,
        "kq8.r5b2": 0.008817533488992191,
        "kq9.r5b2": 0.008817533488992191,
        "kq10.r5b2": 0.008817533488992191,
        "kqtl11.r5b2": 0.00551095843062012,
        "kqt12.r5b2": 0.005422783095730198,
        "kqt13.r5b2": 0.005422783095730198
    },
    "k_relative_variation_percent": {
        "kq4.r5b2": 0.9062645915349783,
        "kq5.r5b2": 1.4440941995717873,
        "kq7.r5b2": -0.013668587941155053,
        "kq8.r5b2": 0.03625945810861067,
        "kq9.r5b2": 0.09042277416236853,
        "kq10.r5b2": -0.008186296258475017,
        "kqtl11.r5b2": 1.8251648416673292,
        "kqt12.r5b2": 2.7196456284857464,
        "kqt13.r5b2": -8.340953832762011
    },
    "kmax_relative_variation_percent": {
        "kq4.r5b2": 0.43497983494403,
        "kq5.r5b2": 0.3975915798163236,
        "kq7.r5b2": 0.011278477711107356,
        "kq8.r5b2": 0.03196019738336459,
        "kq9.r5b2": 0.0660968124980929,
        "kq10.r5b2": 0.006514824922186593,
        "kqtl11.r5b2": 0.9276214817059089,
        "kqt12.r5b2": 1.0816441928056615,
        "kqt13.r5b2": 2.1248627456798492
    },
    "k_delta/k_wire_ip5": {
        "kq4.r5b2": -0.6945639915788707,
        "kq5.r5b2": 0.634863440809637,
        "kq7.r5b2": -0.022511458775347663,
        "kq8.r5b2": -0.0637914694053996,
        "kq9.r5b2": 0.13192699474569536,
        "kq10.r5b2": 0.013003369463591525,
        "kqtl11.r5b2": -1.1571881241109452,
        "kqt12.r5b2": 1.3277389384433258,
        "kqt13.r5b2": -2.608309668791083
    }
}