{
    "k_delta": {
        "kq4.r1b2": -4.5299378966420366e-05,
        "kq5.r1b2": 3.9753634016125974e-05,
        "kq7.r1b2": 5.6175779641361084e-05,
        "kq8.r1b2": -1.223854375356988e-05,
        "kq9.r1b2": -6.7273695039808745e-06,
        "kq10.r1b2": 1.5022924268187049e-05,
        "kqtl11.r1b2": -0.0003018739574093884,
        "kqt12.r1b2": 0.00019723091406912164,
        "kqt13.r1b2": 8.588064772987326e-06
    },
    "my_ip": 1,
    "my_optics": 60.18,
    "my_beam": "b2",
    "i_wire_ip1.b2": 350.0,
    "i_wire_ip5.b2": 0.0,
    "k_wire_ip1": 5.571699263594234e-05,
    "k_wire_ip5": -0.0,
    "tct_opening_in_sigma": 8,
    "sigma_y_at_tctpv_4r1_b2": 0.0009406451176258813,
    "sigma_x_at_tctph_4r5_b2": 0.0013350089002648205,
    "wire_retraction": 0.003,
    "d_wire_ip1.b2": 0.01052516094100705,
    "d_wire_ip5.b2": 0.013680071202118563,
    "k_0": {
        "kq4.r1b2": 0.00338572138643,
        "kq5.r1b2": -0.00194213206923,
        "kq7.r1b2": -0.00727568607311,
        "kq8.r1b2": 0.00777204419047,
        "kq9.r1b2": -0.00644539899507,
        "kq10.r1b2": 0.0070171766465,
        "kqtl11.r1b2": 0.00280088861473,
        "kqt12.r1b2": -0.00215672284025,
        "kqt13.r1b2": -0.00138145708621
    },
    "k": {
        "kq4.r1b2": 0.0033404220074635797,
        "kq5.r1b2": -0.001902378435213874,
        "kq7.r1b2": -0.0072195102934686384,
        "kq8.r1b2": 0.007759805646716429,
        "kq9.r1b2": -0.006452126364573981,
        "kq10.r1b2": 0.007032199570768187,
        "kqtl11.r1b2": 0.0024990146573206115,
        "kqt12.r1b2": -0.0019594919261808784,
        "kqt13.r1b2": -0.0013728690214370128
    },
    "kmin": {
        "kq4.r1b2": 0.00015633486875983157,
        "kq5.r1b2": 0.00019641055846730108,
        "kq7.r1b2": 0.00019632238313241118,
        "kq8.r1b2": 0.00019632238313241118,
        "kq9.r1b2": 0.00019632238313241118,
        "kq10.r1b2": 0.00019632238313241118,
        "kqtl11.r1b2": -0.00551095843062012,
        "kqt12.r1b2": -0.005422783095730198,
        "kqt13.r1b2": -0.005422783095730198
    },
    "kmax": {
        "kq4.r1b2": 0.0070540267911937534,
        "kq5.r1b2": 0.0070540267911937534,
        "kq7.r1b2": 0.008817533488992191,
        "kq8.r1b2": 0.008817533488992191,
        "kq9.r1b2": 0.008817533488992191,
        "kq10.r1b2": 0.008817533488992191,
        "kqtl11.r1b2": 0.00551095843062012,
        "kqt12.r1b2": 0.005422783095730198,
        "kqt13.r1b2": 0.005422783095730198
    },
    "k_relative_variation_percent": {
        "kq4.r1b2": -1.3379535347468536,
        "kq5.r1b2": -2.046906832236551,
        "kq7.r1b2": -0.7721028515644668,
        "kq8.r1b2": -0.15746878753696045,
        "kq9.r1b2": 0.10437475646001979,
        "kq10.r1b2": 0.21408787358488582,
        "kqtl11.r1b2": -10.777792298551953,
        "kqt12.r1b2": -9.144935565585206,
        "kqt13.r1b2": -0.6216671410726561
    },
    "kmax_relative_variation_percent": {
        "kq4.r1b2": 0.642177586041665,
        "kq5.r1b2": 0.5635594419028066,
        "kq7.r1b2": 0.6370917639438617,
        "kq8.r1b2": 0.13879781425098617,
        "kq9.r1b2": 0.07629536663942726,
        "kq10.r1b2": 0.17037558504248004,
        "kqtl11.r1b2": 5.4777034015010715,
        "kqt12.r1b2": 3.6370791637308475,
        "kqt13.r1b2": 0.15837005872039053
    },
    "k_delta/k_wire_ip1": {
        "kq4.r1b2": -0.8130262748100711,
        "kq5.r1b2": 0.7134920988266226,
        "kq7.r1b2": 1.0082342384919531,
        "kq8.r1b2": -0.219655497803644,
        "kq9.r1b2": -0.12074179143045011,
        "kq10.r1b2": 0.26962913031483227,
        "kqtl11.r1b2": -5.4179872805025235,
        "kqt12.r1b2": 3.5398700600701556,
        "kqt13.r1b2": 0.15413726345752682
    }
}