{
    "k_delta": {
        "kq4.l5b1": 3.016318190871541e-05,
        "kq5.l5b1": -2.6780399168456238e-05,
        "kq7.l5b1": -6.748313968632188e-06,
        "kq8.l5b1": 2.91003048753666e-06,
        "kq9.l5b1": -5.582149709180114e-07,
        "kq10.l5b1": -3.541797877159421e-06,
        "kqtl11.l5b1": 7.93291021296209e-05,
        "kqt12.l5b1": -5.38727897871841e-05,
        "kqt13.l5b1": 4.3026783552300684e-05
    },
    "my_ip": 5,
    "my_optics": 30,
    "my_beam": "b1",
    "i_wire_ip1.b1": 0.0,
    "i_wire_ip5.b1": 350.0,
    "k_wire_ip1": 0.0,
    "k_wire_ip5": 4.4239065078271474e-05,
    "tct_opening_in_sigma": 8,
    "sigma_y_at_tctpv_4l1_b1": 0.0005848056549666538,
    "sigma_x_at_tctph_4l5_b1": 0.0011014869805572626,
    "wire_retraction": 0.003,
    "d_wire_ip1.b1": 0.0076784452397332306,
    "d_wire_ip5.b1": 0.0118118958444581,
    "k_0": {
        "kq4.l5b1": 0.00348610526342,
        "kq5.l5b1": -0.00215335522036,
        "kq7.l5b1": -0.00703393382042,
        "kq8.l5b1": 0.00783967055175,
        "kq9.l5b1": -0.00664472235184,
        "kq10.l5b1": 0.00703681858794,
        "kqtl11.l5b1": 0.00182468617483,
        "kqt12.l5b1": -0.00124751358961,
        "kqt13.l5b1": 0.0008107986694
    },
    "k": {
        "kq4.l5b1": 0.0035162684453287152,
        "kq5.l5b1": -0.002180135619528456,
        "kq7.l5b1": -0.0070406821343886325,
        "kq8.l5b1": 0.007842580582237536,
        "kq9.l5b1": -0.0066452805668109185,
        "kq10.l5b1": 0.0070332767900628404,
        "kqtl11.l5b1": 0.0019040152769596208,
        "kqt12.l5b1": -0.001301386379397184,
        "kqt13.l5b1": 0.0008538254529523007
    },
    "kmin": {
        "kq4.l5b1": 0.00015633486875983157,
        "kq5.l5b1": 0.00019641055846730108,
        "kq7.l5b1": 0.00019632238313241118,
        "kq8.l5b1": 0.00019632238313241118,
        "kq9.l5b1": 0.00019632238313241118,
        "kq10.l5b1": 0.00019632238313241118,
        "kqtl11.l5b1": -0.00551095843062012,
        "kqt12.l5b1": -0.005422783095730198,
        "kqt13.l5b1": -0.005422783095730198
    },
    "kmax": {
        "kq4.l5b1": 0.0070540267911937534,
        "kq5.l5b1": 0.0070540267911937534,
        "kq7.l5b1": 0.008817533488992191,
        "kq8.l5b1": 0.008817533488992191,
        "kq9.l5b1": 0.008817533488992191,
        "kq10.l5b1": 0.008817533488992191,
        "kqtl11.l5b1": 0.00551095843062012,
        "kqt12.l5b1": 0.005422783095730198,
        "kqt13.l5b1": 0.005422783095730198
    },
    "k_relative_variation_percent": {
        "kq4.l5b1": 0.8652401356097951,
        "kq5.l5b1": 1.2436591471415044,
        "kq7.l5b1": 0.09593940092301356,
        "kq8.l5b1": 0.037119295617429646,
        "kq9.l5b1": 0.008400877288174957,
        "kq10.l5b1": -0.050332374394722997,
        "kqtl11.l5b1": 4.34754771663745,
        "kqt12.l5b1": 4.318413060656591,
        "kqt13.l5b1": 5.306716103042076
    },
    "kmax_relative_variation_percent": {
        "kq4.l5b1": 0.4276023156925222,
        "kq5.l5b1": 0.37964697273178616,
        "kq7.l5b1": 0.07653289865081639,
        "kq8.l5b1": 0.03300277216037276,
        "kq9.l5b1": 0.006330738313780004,
        "kq10.l5b1": 0.04016767139678008,
        "kqtl11.l5b1": 1.439479232665785,
        "kqt12.l5b1": 0.9934527868098314,
        "kqt13.l5b1": 0.7934446720942832
    },
    "k_delta/k_wire_ip5": {
        "kq4.l5b1": 0.6818223182462869,
        "kq5.l5b1": -0.6053563546398213,
        "kq7.l5b1": -0.15254196617158394,
        "kq8.l5b1": 0.06577965611135744,
        "kq9.l5b1": -0.012618145748115846,
        "kq10.l5b1": -0.08006041427170701,
        "kqtl11.l5b1": 1.7931911985315507,
        "kqt12.l5b1": -1.2177651062893808,
        "kqt13.l5b1": 0.9725970355877567
    }
}