{
    "k_delta": {
        "kq4.l5b1": 3.0163143508216123e-05,
        "kq5.l5b1": -2.6780158761521437e-05,
        "kq7.l5b1": -6.7494222745564535e-06,
        "kq8.l5b1": 2.910073205268393e-06,
        "kq9.l5b1": -5.574834220751109e-07,
        "kq10.l5b1": -3.542210016937504e-06,
        "kqtl11.l5b1": 7.93336810466121e-05,
        "kqt12.l5b1": -5.387353416636215e-05,
        "kqt13.l5b1": 4.3017743241355964e-05
    },
    "my_ip": 5,
    "my_optics": 30,
    "my_beam": "b1",
    "i_wire_ip1.b1": 0.0,
    "i_wire_ip5.b1": 350.0,
    "k_wire_ip1": 0.0,
    "k_wire_ip5": -4.4239065078271474e-05,
    "tct_opening_in_sigma": 8,
    "sigma_y_at_tctpv_4l1_b1": 0.0005848056549666538,
    "sigma_x_at_tctph_4l5_b1": 0.0011014869805572626,
    "wire_retraction": 0.003,
    "d_wire_ip1.b1": 0.0076784452397332306,
    "d_wire_ip5.b1": 0.0118118958444581,
    "k_0": {
        "kq4.l5b1": 0.00348610526342,
        "kq5.l5b1": -0.00215335522036,
        "kq7.l5b1": -0.00703393382042,
        "kq8.l5b1": 0.00783967055175,
        "kq9.l5b1": -0.00664472235184,
        "kq10.l5b1": 0.00703681858794,
        "kqtl11.l5b1": 0.00182468617483,
        "kqt12.l5b1": -0.00124751358961,
        "kqt13.l5b1": 0.0008107986694
    },
    "k": {
        "kq4.l5b1": 0.0035162684069282163,
        "kq5.l5b1": -0.002180135379121521,
        "kq7.l5b1": -0.007040683242694557,
        "kq8.l5b1": 0.007842580624955268,
        "kq9.l5b1": -0.006645279835262075,
        "kq10.l5b1": 0.007033276377923062,
        "kqtl11.l5b1": 0.001904019855876612,
        "kqt12.l5b1": -0.0013013871237763622,
        "kqt13.l5b1": 0.000853816412641356
    },
    "kmin": {
        "kq4.l5b1": 0.00015633486875983157,
        "kq5.l5b1": 0.00019641055846730108,
        "kq7.l5b1": 0.00019632238313241118,
        "kq8.l5b1": 0.00019632238313241118,
        "kq9.l5b1": 0.00019632238313241118,
        "kq10.l5b1": 0.00019632238313241118,
        "kqtl11.l5b1": -0.00551095843062012,
        "kqt12.l5b1": -0.005422783095730198,
        "kqt13.l5b1": -0.005422783095730198
    },
    "kmax": {
        "kq4.l5b1": 0.0070540267911937534,
        "kq5.l5b1": 0.0070540267911937534,
        "kq7.l5b1": 0.008817533488992191,
        "kq8.l5b1": 0.008817533488992191,
        "kq9.l5b1": 0.008817533488992191,
        "kq10.l5b1": 0.008817533488992191,
        "kqtl11.l5b1": 0.00551095843062012,
        "kqt12.l5b1": 0.005422783095730198,
        "kqt13.l5b1": 0.005422783095730198
    },
    "k_relative_variation_percent": {
        "kq4.l5b1": 0.8652390340796808,
        "kq5.l5b1": 1.2436479828462443,
        "kq7.l5b1": 0.0959551574818974,
        "kq8.l5b1": 0.037119840509354005,
        "kq9.l5b1": 0.008389867816233696,
        "kq10.l5b1": -0.05033823129969977,
        "kqtl11.l5b1": 4.347798659350469,
        "kqt12.l5b1": 4.318472729680179,
        "kqt13.l5b1": 5.305601114662604
    },
    "kmax_relative_variation_percent": {
        "kq4.l5b1": 0.42760177131552424,
        "kq5.l5b1": 0.37964356465095633,
        "kq7.l5b1": 0.07654546799263573,
        "kq8.l5b1": 0.033003256623877056,
        "kq9.l5b1": 0.006322441789090715,
        "kq10.l5b1": 0.04017234549048891,
        "kqtl11.l5b1": 1.4395623201549914,
        "kqt12.l5b1": 0.9934665136944387,
        "kqt13.l5b1": 0.7932779622925977
    },
    "k_delta/k_wire_ip5": {
        "kq4.l5b1": -0.6818214502238904,
        "kq5.l5b1": 0.6053509203718417,
        "kq7.l5b1": 0.15256701882408247,
        "kq8.l5b1": -0.06578062172244478,
        "kq9.l5b1": 0.012601609484485361,
        "kq10.l5b1": 0.08006973046718614,
        "kqtl11.l5b1": -1.7932947024592016,
        "kqt12.l5b1": 1.2177819325757577,
        "kqt13.l5b1": -0.9723926842767892
    }
}