{
    "k_delta": {
        "kq5.l5b1": 3.550222967385247e-05,
        "kq6.l5b1": -2.9234138502586483e-05,
        "kq7.l5b1": 1.0621730590133252e-05,
        "kq8.l5b1": -6.848961448605779e-07,
        "kq9.l5b1": -1.885112531384192e-06,
        "kq10.l5b1": 2.0194189648233858e-06,
        "kqtl11.l5b1": -3.384395385675101e-05,
        "kqt12.l5b1": 1.7485929227280953e-05,
        "kqt13.l5b1": -4.1348396449074645e-06
    },
    "my_ip": 5,
    "my_optics": 60.18,
    "my_beam": "b1",
    "i_wire_ip1.b1": 0.0,
    "i_wire_ip5.b1": 350.0,
    "k_wire_ip1": 0.0,
    "k_wire_ip5": -3.29813542929335e-05,
    "tct_opening_in_sigma": 8,
    "sigma_y_at_tctpv_4l1_b1": 0.0009406451452712724,
    "sigma_x_at_tctph_4l5_b1": 0.001335008816299152,
    "wire_retraction": 0.003,
    "d_wire_ip1.b1": 0.010525161162170178,
    "d_wire_ip5.b1": 0.013680070530393214,
    "k_0": {
        "kq5.l5b1": -0.00160352034309,
        "kq6.l5b1": 0.00170665114394,
        "kq7.l5b1": -0.00670321503785,
        "kq8.l5b1": 0.007743607763,
        "kq9.l5b1": -0.00685155746183,
        "kq10.l5b1": 0.00696067027901,
        "kqtl11.l5b1": 0.000567217148913,
        "kqt12.l5b1": -0.000782564563728,
        "kqt13.l5b1": 0.00248701379072
    },
    "k": {
        "kq5.l5b1": -0.0015680181134161476,
        "kq6.l5b1": 0.0016774170054374134,
        "kq7.l5b1": -0.006692593307259867,
        "kq8.l5b1": 0.00774292286685514,
        "kq9.l5b1": -0.006853442574361384,
        "kq10.l5b1": 0.006962689697974824,
        "kqtl11.l5b1": 0.0005333731950562489,
        "kqt12.l5b1": -0.000765078634500719,
        "kqt13.l5b1": 0.0024828789510750924
    },
    "kmin": {
        "kq5.l5b1": 0.00019641055846730108,
        "kq6.l5b1": 0.00019641055846730108,
        "kq7.l5b1": 0.00019632238313241118,
        "kq8.l5b1": 0.00019632238313241118,
        "kq9.l5b1": 0.00019632238313241118,
        "kq10.l5b1": 0.00019632238313241118,
        "kqtl11.l5b1": -0.00551095843062012,
        "kqt12.l5b1": -0.005422783095730198,
        "kqt13.l5b1": -0.005422783095730198
    },
    "kmax": {
        "kq5.l5b1": 0.0070540267911937534,
        "kq6.l5b1": 0.0070540267911937534,
        "kq7.l5b1": 0.008817533488992191,
        "kq8.l5b1": 0.008817533488992191,
        "kq9.l5b1": 0.008817533488992191,
        "kq10.l5b1": 0.008817533488992191,
        "kqtl11.l5b1": 0.00551095843062012,
        "kqt12.l5b1": 0.005422783095730198,
        "kqt13.l5b1": 0.005422783095730198
    },
    "k_relative_variation_percent": {
        "kq5.l5b1": -2.2140180401727436,
        "kq6.l5b1": -1.7129533827924623,
        "kq7.l5b1": -0.15845725566250196,
        "kq8.l5b1": -0.008844664732801986,
        "kq9.l5b1": 0.027513635284913636,
        "kq10.l5b1": 0.029011846329123965,
        "kqtl11.l5b1": -5.966666191529765,
        "kqt12.l5b1": -2.2344391808365383,
        "kqt13.l5b1": -0.16625720614562464
    },
    "kmax_relative_variation_percent": {
        "kq5.l5b1": 0.5032902585254349,
        "kq6.l5b1": 0.4144319176542168,
        "kq7.l5b1": 0.12046147149192482,
        "kq8.l5b1": 0.007767434574709609,
        "kq9.l5b1": 0.021379136622929375,
        "kq10.l5b1": 0.02290231125682061,
        "kqtl11.l5b1": 0.614121015116108,
        "kqt12.l5b1": 0.32245304520936974,
        "kqt13.l5b1": 0.0762494013113518
    },
    "k_delta/k_wire_ip5": {
        "kq5.l5b1": -1.0764333495383205,
        "kq6.l5b1": 0.886383810771837,
        "kq7.l5b1": -0.32205259055747865,
        "kq8.l5b1": 0.020766161958586462,
        "kq9.l5b1": 0.057156917045947116,
        "kq10.l5b1": -0.061229109844529984,
        "kqtl11.l5b1": 1.026154158381614,
        "kqt12.l5b1": -0.5301762041659837,
        "kqt13.l5b1": 0.12536900723307728
    }
}