{
    "k_delta": {
        "kq4.r5b2": 3.0256404018982505e-05,
        "kq5.r5b2": -2.7320239307269695e-05,
        "kq7.r5b2": 9.279542029924507e-07,
        "kq8.r5b2": 2.747622451071644e-06,
        "kq9.r5b2": -5.666481548928604e-06,
        "kq10.r5b2": -5.673245896268841e-07,
        "kqtl11.r5b2": 4.9838314000696246e-05,
        "kqt12.r5b2": -5.7127806684395833e-05,
        "kqt13.r5b2": 0.00011211775777799511
    },
    "my_ip": 5,
    "my_optics": 30,
    "my_beam": "b2",
    "i_wire_ip1.b2": 0.0,
    "i_wire_ip5.b2": 350.0,
    "tct_opening_in_sigma": 8,
    "sigma_y_at_tctpv_4r1_b2": 0.0005848056639966425,
    "sigma_x_at_tctph_4r5_b2": 0.0011014869888555253,
    "wire_retraction": 0.003,
    "d_wire_ip1.b2": 0.00767844531197314,
    "d_wire_ip5.b2": 0.011811895910844201,
    "k_0": {
        "kq4.r5b2": 0.00338572138643,
        "kq5.r5b2": -0.00194213206923,
        "kq7.r5b2": -0.00727568607311,
        "kq8.r5b2": 0.00777204419047,
        "kq9.r5b2": -0.00644539899507,
        "kq10.r5b2": 0.0070171766465,
        "kqtl11.r5b2": 0.00280088861473,
        "kqt12.r5b2": -0.00215672284025,
        "kqt13.r5b2": -0.00138145708621
    },
    "k": {
        "kq4.r5b2": 0.0034159777904489825,
        "kq5.r5b2": -0.0019694523085372695,
        "kq7.r5b2": -0.007274758118907008,
        "kq8.r5b2": 0.007774791812921071,
        "kq9.r5b2": -0.006451065476618929,
        "kq10.r5b2": 0.007016609321910373,
        "kqtl11.r5b2": 0.002850726928730696,
        "kqt12.r5b2": -0.0022138506469343957,
        "kqt13.r5b2": -0.0012693393284320049
    },
    "kmin": {
        "kq4.r5b2": 0.00015633486875983157,
        "kq5.r5b2": 0.00019641055846730108,
        "kq7.r5b2": 0.00019632238313241118,
        "kq8.r5b2": 0.00019632238313241118,
        "kq9.r5b2": 0.00019632238313241118,
        "kq10.r5b2": 0.00019632238313241118,
        "kqtl11.r5b2": -0.00551095843062012,
        "kqt12.r5b2": -0.005422783095730198,
        "kqt13.r5b2": -0.005422783095730198
    },
    "kmax": {
        "kq4.r5b2": 0.0070540267911937534,
        "kq5.r5b2": 0.0070540267911937534,
        "kq7.r5b2": 0.008817533488992191,
        "kq8.r5b2": 0.008817533488992191,
        "kq9.r5b2": 0.008817533488992191,
        "kq10.r5b2": 0.008817533488992191,
        "kqtl11.r5b2": 0.00551095843062012,
        "kqt12.r5b2": 0.005422783095730198,
        "kqt13.r5b2": 0.005422783095730198
    },
    "k_relative_variation_percent": {
        "kq4.r5b2": 0.8936471896432598,
        "kq5.r5b2": 1.406713772977416,
        "kq7.r5b2": -0.012754181443067617,
        "kq8.r5b2": 0.035352635468037484,
        "kq9.r5b2": 0.08791513998222329,
        "kq10.r5b2": -0.008084798462496339,
        "kqtl11.r5b2": 1.779375078987229,
        "kqt12.r5b2": 2.6488246713135273,
        "kqt13.r5b2": -8.115905944323464
    },
    "percentage_of_kmax": {
        "kq4.r5b2": 48.425925950741906,
        "kq5.r5b2": 27.919546761516894,
        "kq7.r5b2": 82.50332281684913,
        "kq8.r5b2": 88.17422494201038,
        "kq9.r5b2": 73.16179161295435,
        "kq10.r5b2": 79.57564698415842,
        "kqtl11.r5b2": 51.72833300449915,
        "kqt12.r5b2": 40.82498982261603,
        "kqt13.r5b2": 23.407525361496756
    }
}