{
    "k_delta": {
        "kq5.r1b2": -0.000116527032724944,
        "kq6.r1b2": 9.371383367461406e-05,
        "kq7.r1b2": -4.442653106436566e-05,
        "kq8.r1b2": 7.573109571956025e-06,
        "kq9.r1b2": -5.477185860924156e-06,
        "kq10.r1b2": -5.428726943848342e-06,
        "kqtl11.r1b2": 0.00015750889649219894,
        "kqt12.r1b2": -0.00013144126942412403,
        "kqt13.r1b2": 0.00019665801228225724
    },
    "my_ip": 1,
    "my_optics": 30,
    "my_beam": "b2",
    "i_wire_ip1.b2": 350.0,
    "i_wire_ip5.b2": 0.0,
    "tct_opening_in_sigma": 8,
    "sigma_y_at_tctpv_4r1_b2": 0.0005848056639966425,
    "sigma_x_at_tctph_4r5_b2": 0.0011014869888555253,
    "wire_retraction": 0.003,
    "d_wire_ip1.b2": 0.00767844531197314,
    "d_wire_ip5.b2": 0.011811895910844201,
    "k_0": {
        "kq5.r1b2": -0.00160352034309,
        "kq6.r1b2": 0.00182537912113,
        "kq7.r1b2": -0.00689433892203,
        "kq8.r1b2": 0.00763895880942,
        "kq9.r1b2": -0.00652282602326,
        "kq10.r1b2": 0.00690973765732,
        "kqtl11.r1b2": 0.00134367208182,
        "kqt12.r1b2": -0.00123289399776,
        "kqt13.r1b2": -0.00120130527148
    },
    "k": {
        "kq5.r1b2": -0.001720047375814944,
        "kq6.r1b2": 0.001919092954804614,
        "kq7.r1b2": -0.006938765453094365,
        "kq8.r1b2": 0.007646531918991956,
        "kq9.r1b2": -0.006528303209120924,
        "kq10.r1b2": 0.006904308930376152,
        "kqtl11.r1b2": 0.001501180978312199,
        "kqt12.r1b2": -0.001364335267184124,
        "kqt13.r1b2": -0.001004647259197743
    },
    "kmin": {
        "kq5.r1b2": 0.00019641055846730108,
        "kq6.r1b2": 0.00019641055846730108,
        "kq7.r1b2": 0.00019632238313241118,
        "kq8.r1b2": 0.00019632238313241118,
        "kq9.r1b2": 0.00019632238313241118,
        "kq10.r1b2": 0.00019632238313241118,
        "kqtl11.r1b2": -0.00551095843062012,
        "kqt12.r1b2": -0.005422783095730198,
        "kqt13.r1b2": -0.005422783095730198
    },
    "kmax": {
        "kq5.r1b2": 0.0070540267911937534,
        "kq6.r1b2": 0.0070540267911937534,
        "kq7.r1b2": 0.008817533488992191,
        "kq8.r1b2": 0.008817533488992191,
        "kq9.r1b2": 0.008817533488992191,
        "kq10.r1b2": 0.008817533488992191,
        "kqtl11.r1b2": 0.00551095843062012,
        "kqt12.r1b2": 0.005422783095730198,
        "kqt13.r1b2": 0.005422783095730198
    },
    "k_relative_variation_percent": {
        "kq5.r1b2": 7.266950695517541,
        "kq6.r1b2": 5.133938072908414,
        "kq7.r1b2": 0.6443914574957466,
        "kq8.r1b2": 0.09913798150890966,
        "kq9.r1b2": 0.08396952243387829,
        "kq10.r1b2": -0.07856632499060637,
        "kqtl11.r1b2": 11.722272020332044,
        "kqt12.r1b2": 10.661197934529236,
        "kqt13.r1b2": -16.370361218841225
    },
    "kmax_relative_variation_percent": {
        "kq5.r1b2": 1.6519221740186236,
        "kq6.r1b2": 1.328515420321431,
        "kq7.r1b2": 0.5038430658622135,
        "kq8.r1b2": 0.08588693857993616,
        "kq9.r1b2": 0.06211698393617529,
        "kq10.r1b2": 0.061567409419261795,
        "kqtl11.r1b2": 2.85810351275822,
        "kqt12.r1b2": 2.4238710474630367,
        "kqt13.r1b2": 3.6265144449001148
    }
}