{
    "k_delta": {
        "kq5.r1b2": -0.0001127981381020435,
        "kq6.r1b2": 8.629485248674474e-05,
        "kq7.r1b2": -4.053529534106846e-05,
        "kq8.r1b2": 1.9823500297429955e-05,
        "kq9.r1b2": -5.977836801728942e-06,
        "kq10.r1b2": -5.204507637190016e-06,
        "kqtl11.r1b2": 0.00013899555245721143,
        "kqt12.r1b2": -0.00023929892927250897,
        "kqt13.r1b2": 0.0002007298700266172
    },
    "my_ip": 1,
    "my_optics": 30,
    "my_beam": "b2",
    "i_wire_ip1.b2": 350.0,
    "i_wire_ip5.b2": 0.0,
    "tct_opening_in_sigma": 8,
    "sigma_y_at_tctpv_4r1_b2": 0.0005848056639966425,
    "sigma_x_at_tctph_4r5_b2": 0.0011014869888555253,
    "wire_retraction": 0.003,
    "d_wire_ip1.b2": 0.00767844531197314,
    "d_wire_ip5.b2": 0.011811895910844201,
    "k_0": {
        "kq5.r1b2": -0.00160352034309,
        "kq6.r1b2": 0.00182537912113,
        "kq7.r1b2": -0.00689433892203,
        "kq8.r1b2": 0.00763895880942,
        "kq9.r1b2": -0.00652282602326,
        "kq10.r1b2": 0.00690973765732,
        "kqtl11.r1b2": 0.00134367208182,
        "kqt12.r1b2": -0.00123289399776,
        "kqt13.r1b2": -0.00120130527148
    },
    "k": {
        "kq5.r1b2": -0.0017163184811920436,
        "kq6.r1b2": 0.0019116739736167448,
        "kq7.r1b2": -0.006934874217371069,
        "kq8.r1b2": 0.00765878230971743,
        "kq9.r1b2": -0.006528803860061729,
        "kq10.r1b2": 0.00690453314968281,
        "kqtl11.r1b2": 0.0014826676342772115,
        "kqt12.r1b2": -0.001472192927032509,
        "kqt13.r1b2": -0.001000575401453383
    },
    "kmin": {
        "kq5.r1b2": 0.00019641055846730108,
        "kq6.r1b2": 0.00019641055846730108,
        "kq7.r1b2": 0.00019632238313241118,
        "kq8.r1b2": 0.00019632238313241118,
        "kq9.r1b2": 0.00019632238313241118,
        "kq10.r1b2": 0.00019632238313241118,
        "kqtl11.r1b2": -0.00551095843062012,
        "kqt12.r1b2": -0.005422783095730198,
        "kqt13.r1b2": -0.005422783095730198
    },
    "kmax": {
        "kq5.r1b2": 0.0070540267911937534,
        "kq6.r1b2": 0.0070540267911937534,
        "kq7.r1b2": 0.008817533488992191,
        "kq8.r1b2": 0.008817533488992191,
        "kq9.r1b2": 0.008817533488992191,
        "kq10.r1b2": 0.008817533488992191,
        "kqtl11.r1b2": 0.00551095843062012,
        "kqt12.r1b2": 0.005422783095730198,
        "kqt13.r1b2": 0.005422783095730198
    },
    "k_relative_variation_percent": {
        "kq5.r1b2": 7.034406428837713,
        "kq6.r1b2": 4.727502987616291,
        "kq7.r1b2": 0.5879504300483833,
        "kq8.r1b2": 0.25950526494506765,
        "kq9.r1b2": 0.09164489103974782,
        "kq10.r1b2": -0.07532134930877576,
        "kqtl11.r1b2": 10.344454896237954,
        "kqt12.r1b2": 19.40952991151571,
        "kqt13.r1b2": -16.709314009695415
    },
    "percentage_of_kmax": {
        "kq5.r1b2": 24.331045684922763,
        "kq6.r1b2": 27.100463752183057,
        "kq7.r1b2": 78.64868589417398,
        "kq8.r1b2": 86.85855652579775,
        "kq9.r1b2": 74.04342572911447,
        "kq10.r1b2": 78.30458663187873,
        "kqtl11.r1b2": 26.90398871526916,
        "kqt12.r1b2": 27.148290850719942,
        "kqt13.r1b2": 18.451326261624185
    }
}