{
    "k_delta": {
        "kq4.r5b2": 3.0257204901578718e-05,
        "kq5.r5b2": -2.7320540008713187e-05,
        "kq7.r5b2": 9.182494382914216e-07,
        "kq8.r5b2": 2.749030613552662e-06,
        "kq9.r5b2": -5.664010428330385e-06,
        "kq10.r5b2": -5.697609147869842e-07,
        "kqtl11.r5b2": 4.9877668647471725e-05,
        "kqt12.r5b2": -5.7148070209132374e-05,
        "kqt13.r5b2": 0.00011209004289966123
    },
    "my_ip": 5,
    "my_optics": 30,
    "my_beam": "b2",
    "i_wire_ip1.b2": 0.0,
    "i_wire_ip5.b2": 350.0,
    "tct_opening_in_sigma": 8,
    "sigma_y_at_tctpv_4r1_b2": 0.0005848056639966425,
    "sigma_x_at_tctph_4r5_b2": 0.0011014869888555253,
    "wire_retraction": 0.003,
    "d_wire_ip1.b2": 0.00767844531197314,
    "d_wire_ip5.b2": 0.011811895910844201,
    "k_0": {
        "kq4.r5b2": 0.00338572138643,
        "kq5.r5b2": -0.00194213206923,
        "kq7.r5b2": -0.00727568607311,
        "kq8.r5b2": 0.00777204419047,
        "kq9.r5b2": -0.00644539899507,
        "kq10.r5b2": 0.0070171766465,
        "kqtl11.r5b2": 0.00280088861473,
        "kqt12.r5b2": -0.00215672284025,
        "kqt13.r5b2": -0.00138145708621
    },
    "k": {
        "kq4.r5b2": 0.003415978591331579,
        "kq5.r5b2": -0.0019694526092387133,
        "kq7.r5b2": -0.007274767823671709,
        "kq8.r5b2": 0.007774793221083552,
        "kq9.r5b2": -0.006451063005498331,
        "kq10.r5b2": 0.0070166068855852136,
        "kqtl11.r5b2": 0.002850766283377472,
        "kqt12.r5b2": -0.0022138709104591323,
        "kqt13.r5b2": -0.0012693670433103388
    },
    "kmin": {
        "kq4.r5b2": 0.00015633486875983157,
        "kq5.r5b2": 0.00019641055846730108,
        "kq7.r5b2": 0.00019632238313241118,
        "kq8.r5b2": 0.00019632238313241118,
        "kq9.r5b2": 0.00019632238313241118,
        "kq10.r5b2": 0.00019632238313241118,
        "kqtl11.r5b2": -0.00551095843062012,
        "kqt12.r5b2": -0.005422783095730198,
        "kqt13.r5b2": -0.005422783095730198
    },
    "kmax": {
        "kq4.r5b2": 0.0070540267911937534,
        "kq5.r5b2": 0.0070540267911937534,
        "kq7.r5b2": 0.008817533488992191,
        "kq8.r5b2": 0.008817533488992191,
        "kq9.r5b2": 0.008817533488992191,
        "kq10.r5b2": 0.008817533488992191,
        "kqtl11.r5b2": 0.00551095843062012,
        "kqt12.r5b2": 0.005422783095730198,
        "kqt13.r5b2": 0.005422783095730198
    },
    "k_relative_variation_percent": {
        "kq4.r5b2": 0.8936708443538754,
        "kq5.r5b2": 1.406729256035868,
        "kq7.r5b2": -0.01262079519462987,
        "kq8.r5b2": 0.03537075377059095,
        "kq9.r5b2": 0.08787680068623697,
        "kq10.r5b2": -0.008119517912822777,
        "kqtl11.r5b2": 1.7807801561676821,
        "kqt12.r5b2": 2.6497642229498513,
        "kqt13.r5b2": -8.113899738078583
    },
    "kmax_relative_variation_percent": {
        "kq4.r5b2": 0.42893521384625033,
        "kq5.r5b2": 0.38730417132552075,
        "kq7.r5b2": 0.010413903609640545,
        "kq8.r5b2": 0.031176866149525286,
        "kq9.r5b2": 0.06423576882811202,
        "kq10.r5b2": 0.006461681325035778,
        "kqtl11.r5b2": 0.9050634163803563,
        "kqt12.r5b2": 1.0538513010806156,
        "kqt13.r5b2": 2.0670205855719903
    }
}