{
    "k_delta": {
        "kq5.r1b2": -0.00011279809637012592,
        "kq6.r1b2": 8.629489990589543e-05,
        "kq7.r1b2": -4.0535654220115755e-05,
        "kq8.r1b2": 1.9823440077087306e-05,
        "kq9.r1b2": -5.9776113627811885e-06,
        "kq10.r1b2": -5.204627290692744e-06,
        "kqtl11.r1b2": 0.00013899701040823298,
        "kqt12.r1b2": -0.00023929848504352646,
        "kqt13.r1b2": 0.00020072714117254695
    },
    "my_ip": 1,
    "my_optics": 30,
    "my_beam": "b2",
    "i_wire_ip1.b2": 350.0,
    "i_wire_ip5.b2": 0.0,
    "tct_opening_in_sigma": 8,
    "sigma_y_at_tctpv_4r1_b2": 0.0005848056639966425,
    "sigma_x_at_tctph_4r5_b2": 0.0011014869888555253,
    "wire_retraction": 0.003,
    "d_wire_ip1.b2": 0.00767844531197314,
    "d_wire_ip5.b2": 0.011811895910844201,
    "k_0": {
        "kq5.r1b2": -0.00160352034309,
        "kq6.r1b2": 0.00182537912113,
        "kq7.r1b2": -0.00689433892203,
        "kq8.r1b2": 0.00763895880942,
        "kq9.r1b2": -0.00652282602326,
        "kq10.r1b2": 0.00690973765732,
        "kqtl11.r1b2": 0.00134367208182,
        "kqt12.r1b2": -0.00123289399776,
        "kqt13.r1b2": -0.00120130527148
    },
    "k": {
        "kq5.r1b2": -0.001716318439460126,
        "kq6.r1b2": 0.0019116740210358954,
        "kq7.r1b2": -0.006934874576250116,
        "kq8.r1b2": 0.007658782249497087,
        "kq9.r1b2": -0.006528803634622781,
        "kq10.r1b2": 0.006904533030029307,
        "kqtl11.r1b2": 0.001482669092228233,
        "kqt12.r1b2": -0.0014721924828035263,
        "kqt13.r1b2": -0.0010005781303074532
    },
    "kmin": {
        "kq5.r1b2": 0.00019632238313241118,
        "kq6.r1b2": 0.00019632238313241118,
        "kq7.r1b2": 0.00019632238313241118,
        "kq8.r1b2": 0.00019632238313241118,
        "kq9.r1b2": 0.00019632238313241118,
        "kq10.r1b2": 0.00019632238313241118,
        "kqtl11.r1b2": -0.00551095843062012,
        "kqt12.r1b2": -0.005422783095730198,
        "kqt13.r1b2": -0.005422783095730198
    },
    "kmax": {
        "kq5.r1b2": 0.008817533488992191,
        "kq6.r1b2": 0.008817533488992191,
        "kq7.r1b2": 0.008817533488992191,
        "kq8.r1b2": 0.008817533488992191,
        "kq9.r1b2": 0.008817533488992191,
        "kq10.r1b2": 0.008817533488992191,
        "kqtl11.r1b2": 0.00551095843062012,
        "kqt12.r1b2": 0.005422783095730198,
        "kqt13.r1b2": 0.005422783095730198
    },
    "k_relative_variation_percent": {
        "kq5.r1b2": 7.034403826318964,
        "kq6.r1b2": 4.727505585386263,
        "kq7.r1b2": 0.5879556354647598,
        "kq8.r1b2": 0.2595044766132524,
        "kq9.r1b2": 0.0916414348852076,
        "kq10.r1b2": -0.07532308097369073,
        "kqtl11.r1b2": 10.344563401210355,
        "kqt12.r1b2": 19.40949388011452,
        "kqt13.r1b2": -16.709086852274645
    }
}