{
    "k_delta": {
        "kq5.r5b2": 3.612134711543736e-05,
        "kq6.r5b2": -3.2257097109170226e-05,
        "kq7.r5b2": 9.581753529213981e-06,
        "kq8.r5b2": -8.515242794254449e-06,
        "kq9.r5b2": 2.568428198667491e-07,
        "kq10.r5b2": -1.5885428993497203e-07,
        "kqtl11.r5b2": 1.1413447962183856e-05,
        "kqt12.r5b2": 7.529723776474418e-05,
        "kqt13.r5b2": -1.3778251570429315e-05
    },
    "my_ip": 5,
    "my_optics": 30,
    "my_beam": "b2",
    "i_wire_ip1.b2": 0.0,
    "i_wire_ip5.b2": 350.0,
    "tct_opening_in_sigma": 8,
    "sigma_y_at_tctpv_4r1_b2": 0.0005848056639966425,
    "sigma_x_at_tctph_4r5_b2": 0.0011014869888555253,
    "wire_retraction": 0.003,
    "d_wire_ip1.b2": 0.00767844531197314,
    "d_wire_ip5.b2": 0.011811895910844201,
    "k_0": {
        "kq5.r5b2": -0.00194213206923,
        "kq6.r5b2": 0.000322580651659,
        "kq7.r5b2": -0.00727568607311,
        "kq8.r5b2": 0.00777204419047,
        "kq9.r5b2": -0.00644539899507,
        "kq10.r5b2": 0.0070171766465,
        "kqtl11.r5b2": 0.00280088861473,
        "kqt12.r5b2": -0.00215672284025,
        "kqt13.r5b2": -0.00138145708621
    },
    "k": {
        "kq5.r5b2": -0.0019060107221145627,
        "kq6.r5b2": 0.00029032355454982977,
        "kq7.r5b2": -0.007266104319580786,
        "kq8.r5b2": 0.007763528947675746,
        "kq9.r5b2": -0.0064451421522501336,
        "kq10.r5b2": 0.007017017792210065,
        "kqtl11.r5b2": 0.002812302062692184,
        "kqt12.r5b2": -0.0020814256024852557,
        "kqt13.r5b2": -0.0013952353377804294
    },
    "kmin": {
        "kq5.r5b2": 0.00019632238313241118,
        "kq6.r5b2": 0.00019632238313241118,
        "kq7.r5b2": 0.00019632238313241118,
        "kq8.r5b2": 0.00019632238313241118,
        "kq9.r5b2": 0.00019632238313241118,
        "kq10.r5b2": 0.00019632238313241118,
        "kqtl11.r5b2": -0.00551095843062012,
        "kqt12.r5b2": -0.005422783095730198,
        "kqt13.r5b2": -0.005422783095730198
    },
    "kmax": {
        "kq5.r5b2": 0.008817533488992191,
        "kq6.r5b2": 0.008817533488992191,
        "kq7.r5b2": 0.008817533488992191,
        "kq8.r5b2": 0.008817533488992191,
        "kq9.r5b2": 0.008817533488992191,
        "kq10.r5b2": 0.008817533488992191,
        "kqtl11.r5b2": 0.00551095843062012,
        "kqt12.r5b2": 0.005422783095730198,
        "kqt13.r5b2": 0.005422783095730198
    },
    "k_relative_variation_percent": {
        "kq5.r5b2": -1.8598810908754748,
        "kq6.r5b2": -9.999699902419817,
        "kq7.r5b2": -0.1316955326677289,
        "kq8.r5b2": -0.10956245983129832,
        "kq9.r5b2": -0.003984901789062318,
        "kq10.r5b2": -0.0022637920910000857,
        "kqtl11.r5b2": 0.4074938182889536,
        "kqt12.r5b2": -3.491280212714582,
        "kqt13.r5b2": 0.9973709431850447
    }
}