{
    "k_delta": {
        "kq4.r5b2": 3.0257410221911817e-05,
        "kq5.r5b2": -2.7320615728861865e-05,
        "kq7.r5b2": 9.157514819095811e-07,
        "kq8.r5b2": 2.7493928244788088e-06,
        "kq9.r5b2": -5.663374019942232e-06,
        "kq10.r5b2": -5.703890733884283e-07,
        "kqtl11.r5b2": 4.9887798849756194e-05,
        "kqt12.r5b2": -5.715328298297332e-05,
        "kqt13.r5b2": 0.00011208290407583586
    },
    "my_ip": 5,
    "my_optics": 30,
    "my_beam": "b2",
    "i_wire_ip1.b2": 0.0,
    "i_wire_ip5.b2": 350.0,
    "k_wire_ip1": 0.0,
    "k_wire_ip5": 4.423906458100007e-05,
    "tct_opening_in_sigma": 8,
    "sigma_y_at_tctpv_4r1_b2": 0.0005848056639966425,
    "sigma_x_at_tctph_4r5_b2": 0.0011014869888555253,
    "wire_retraction": 0.003,
    "d_wire_ip1.b2": 0.00767844531197314,
    "d_wire_ip5.b2": 0.011811895910844201,
    "k_0": {
        "kq4.r5b2": 0.00338572138643,
        "kq5.r5b2": -0.00194213206923,
        "kq7.r5b2": -0.00727568607311,
        "kq8.r5b2": 0.00777204419047,
        "kq9.r5b2": -0.00644539899507,
        "kq10.r5b2": 0.0070171766465,
        "kqtl11.r5b2": 0.00280088861473,
        "kqt12.r5b2": -0.00215672284025,
        "kqt13.r5b2": -0.00138145708621
    },
    "k": {
        "kq4.r5b2": 0.0034159787966519116,
        "kq5.r5b2": -0.0019694526849588618,
        "kq7.r5b2": -0.00727477032162809,
        "kq8.r5b2": 0.007774793583294478,
        "kq9.r5b2": -0.006451062369089942,
        "kq10.r5b2": 0.007016606257426612,
        "kqtl11.r5b2": 0.002850776413579756,
        "kqt12.r5b2": -0.0022138761232329733,
        "kqt13.r5b2": -0.0012693741821341643
    },
    "kmin": {
        "kq4.r5b2": 0.00015633486875983157,
        "kq5.r5b2": 0.00019641055846730108,
        "kq7.r5b2": 0.00019632238313241118,
        "kq8.r5b2": 0.00019632238313241118,
        "kq9.r5b2": 0.00019632238313241118,
        "kq10.r5b2": 0.00019632238313241118,
        "kqtl11.r5b2": -0.00551095843062012,
        "kqt12.r5b2": -0.005422783095730198,
        "kqt13.r5b2": -0.005422783095730198
    },
    "kmax": {
        "kq4.r5b2": 0.0070540267911937534,
        "kq5.r5b2": 0.0070540267911937534,
        "kq7.r5b2": 0.008817533488992191,
        "kq8.r5b2": 0.008817533488992191,
        "kq9.r5b2": 0.008817533488992191,
        "kq10.r5b2": 0.008817533488992191,
        "kqtl11.r5b2": 0.00551095843062012,
        "kqt12.r5b2": 0.005422783095730198,
        "kqt13.r5b2": 0.005422783095730198
    },
    "k_relative_variation_percent": {
        "kq4.r5b2": 0.8936769086547929,
        "kq5.r5b2": 1.4067331548514983,
        "kq7.r5b2": -0.012586462262219926,
        "kq8.r5b2": 0.03537541420377004,
        "kq9.r5b2": 0.08786692684617464,
        "kq10.r5b2": -0.008128469641318274,
        "kqtl11.r5b2": 1.7811418343233645,
        "kqt12.r5b2": 2.650005921778447,
        "kqt13.r5b2": -8.113382977630748
    },
    "kmax_relative_variation_percent": {
        "kq4.r5b2": 0.42893812452888846,
        "kq5.r5b2": 0.3873052447570644,
        "kq7.r5b2": 0.010385574186395836,
        "kq8.r5b2": 0.031180973998127148,
        "kq9.r5b2": 0.06422855129512565,
        "kq10.r5b2": 0.006468805296861101,
        "kqtl11.r5b2": 0.9052472356272623,
        "kqt12.r5b2": 1.0539474283597068,
        "kqt13.r5b2": 2.0668889405531994
    },
    "k_delta/k_wire_ip5": {
        "kq4.r5b2": 0.6839523056937977,
        "kq5.r5b2": -0.6175676630512574,
        "kq7.r5b2": 0.02070006431155149,
        "kq8.r5b2": 0.06214852982356292,
        "kq9.r5b2": -0.12801749027881923,
        "kq10.r5b2": -0.012893334856664234,
        "kqtl11.r5b2": 1.1276865666635765,
        "kqt12.r5b2": -1.291918884910593,
        "kqt13.r5b2": 2.533573101904455
    }
}