{
    "k_delta": {
        "kq4.r5b2": 3.025598313343136e-05,
        "kq5.r5b2": -2.7320081200432404e-05,
        "kq7.r5b2": 9.330599962872356e-07,
        "kq8.r5b2": 2.746880955293615e-06,
        "kq9.r5b2": -5.667781052765227e-06,
        "kq10.r5b2": -5.660449946148746e-07,
        "kqtl11.r5b2": 4.981760835895083e-05,
        "kqt12.r5b2": -5.711713993267952e-05,
        "kqt13.r5b2": 0.00011213233348409592
    },
    "my_ip": 5,
    "my_optics": 30,
    "my_beam": "b2",
    "i_wire_ip1.b2": 0.0,
    "i_wire_ip5.b2": 350.0,
    "k_wire_ip1": 0.0,
    "k_wire_ip5": -4.423906458100007e-05,
    "tct_opening_in_sigma": 8,
    "sigma_y_at_tctpv_4r1_b2": 0.0005848056639966425,
    "sigma_x_at_tctph_4r5_b2": 0.0011014869888555253,
    "wire_retraction": 0.003,
    "d_wire_ip1.b2": 0.00767844531197314,
    "d_wire_ip5.b2": 0.011811895910844201,
    "k_0": {
        "kq4.r5b2": 0.00338572138643,
        "kq5.r5b2": -0.00194213206923,
        "kq7.r5b2": -0.00727568607311,
        "kq8.r5b2": 0.00777204419047,
        "kq9.r5b2": -0.00644539899507,
        "kq10.r5b2": 0.0070171766465,
        "kqtl11.r5b2": 0.00280088861473,
        "kqt12.r5b2": -0.00215672284025,
        "kqt13.r5b2": -0.00138145708621
    },
    "k": {
        "kq4.r5b2": 0.0034159773695634312,
        "kq5.r5b2": -0.0019694521504304324,
        "kq7.r5b2": -0.0072747530131137125,
        "kq8.r5b2": 0.007774791071425293,
        "kq9.r5b2": -0.006451066776122765,
        "kq10.r5b2": 0.007016610601505385,
        "kqtl11.r5b2": 0.0028507062230889507,
        "kqt12.r5b2": -0.0022138399801826794,
        "kqt13.r5b2": -0.0012693247527259042
    },
    "kmin": {
        "kq4.r5b2": 0.00015633486875983157,
        "kq5.r5b2": 0.00019641055846730108,
        "kq7.r5b2": 0.00019632238313241118,
        "kq8.r5b2": 0.00019632238313241118,
        "kq9.r5b2": 0.00019632238313241118,
        "kq10.r5b2": 0.00019632238313241118,
        "kqtl11.r5b2": -0.00551095843062012,
        "kqt12.r5b2": -0.005422783095730198,
        "kqt13.r5b2": -0.005422783095730198
    },
    "kmax": {
        "kq4.r5b2": 0.0070540267911937534,
        "kq5.r5b2": 0.0070540267911937534,
        "kq7.r5b2": 0.008817533488992191,
        "kq8.r5b2": 0.008817533488992191,
        "kq9.r5b2": 0.008817533488992191,
        "kq10.r5b2": 0.008817533488992191,
        "kqtl11.r5b2": 0.00551095843062012,
        "kqt12.r5b2": 0.005422783095730198,
        "kqt13.r5b2": 0.005422783095730198
    },
    "k_relative_variation_percent": {
        "kq4.r5b2": 0.8936347584505209,
        "kq5.r5b2": 1.4067056320873192,
        "kq7.r5b2": -0.01282435755077044,
        "kq8.r5b2": 0.03534309491783143,
        "kq9.r5b2": 0.08793530171057583,
        "kq10.r5b2": -0.008066563279366841,
        "kqtl11.r5b2": 1.7786358263930158,
        "kqt12.r5b2": 2.6483300898347557,
        "kqt13.r5b2": -8.116961040876683
    },
    "kmax_relative_variation_percent": {
        "kq4.r5b2": 0.428917893694463,
        "kq5.r5b2": 0.3872976671216899,
        "kq7.r5b2": 0.01058187074029339,
        "kq8.r5b2": 0.0311524867892231,
        "kq9.r5b2": 0.06427853163065254,
        "kq10.r5b2": 0.006419538925727077,
        "kqtl11.r5b2": 0.9039735825651131,
        "kqt12.r5b2": 1.0532809246538468,
        "kqt13.r5b2": 2.0678004542056443
    },
    "k_delta/k_wire_ip5": {
        "kq4.r5b2": -0.6839200471346718,
        "kq5.r5b2": 0.6175555803267576,
        "kq7.r5b2": -0.021091313867607615,
        "kq8.r5b2": -0.062091750386452656,
        "kq9.r5b2": 0.12811710885947267,
        "kq10.r5b2": 0.012795139318067347,
        "kqtl11.r5b2": -1.1260999487847818,
        "kqt12.r5b2": 1.2911018909113727,
        "kqt13.r5b2": -2.5346904268010872
    }
}