{
    "k_delta": {
        "kq4.r5b2": 3.0255089962443474e-05,
        "kq5.r5b2": -2.731974316919936e-05,
        "kq7.r5b2": 9.438786473793908e-07,
        "kq8.r5b2": 2.7453101180171633e-06,
        "kq9.r5b2": -5.670533820786854e-06,
        "kq10.r5b2": -5.633359792059404e-07,
        "kqtl11.r5b2": 4.9773735858349826e-05,
        "kqt12.r5b2": -5.7094532439873765e-05,
        "kqt13.r5b2": 0.00011216320686595953
    },
    "my_ip": 5,
    "my_optics": 30,
    "my_beam": "b2",
    "i_wire_ip1.b2": 0.0,
    "i_wire_ip5.b2": 350.0,
    "tct_opening_in_sigma": 8,
    "sigma_y_at_tctpv_4r1_b2": 0.0005848056639966425,
    "sigma_x_at_tctph_4r5_b2": 0.0011014869888555253,
    "wire_retraction": 0.003,
    "d_wire_ip1.b2": 0.00767844531197314,
    "d_wire_ip5.b2": 0.011811895910844201,
    "k_0": {
        "kq4.r5b2": 0.00338572138643,
        "kq5.r5b2": -0.00194213206923,
        "kq7.r5b2": -0.00727568607311,
        "kq8.r5b2": 0.00777204419047,
        "kq9.r5b2": -0.00644539899507,
        "kq10.r5b2": 0.0070171766465,
        "kqtl11.r5b2": 0.00280088861473,
        "kqt12.r5b2": -0.00215672284025,
        "kqt13.r5b2": -0.00138145708621
    },
    "k": {
        "kq4.r5b2": 0.0034159764763924435,
        "kq5.r5b2": -0.0019694518123991992,
        "kq7.r5b2": -0.00727474219446262,
        "kq8.r5b2": 0.007774789500588017,
        "kq9.r5b2": -0.006451069528890787,
        "kq10.r5b2": 0.0070166133105207945,
        "kqtl11.r5b2": 0.00285066235058835,
        "kqt12.r5b2": -0.0022138173726898736,
        "kqt13.r5b2": -0.0012692938793440406
    },
    "kmin": {
        "kq4.r5b2": 0.00015633486875983157,
        "kq5.r5b2": 0.00019641055846730108,
        "kq7.r5b2": 0.00019632238313241118,
        "kq8.r5b2": 0.00019632238313241118,
        "kq9.r5b2": 0.00019632238313241118,
        "kq10.r5b2": 0.00019632238313241118,
        "kqtl11.r5b2": -0.00551095843062012,
        "kqt12.r5b2": -0.005422783095730198,
        "kqt13.r5b2": -0.005422783095730198
    },
    "kmax": {
        "kq4.r5b2": 0.0070540267911937534,
        "kq5.r5b2": 0.0070540267911937534,
        "kq7.r5b2": 0.008817533488992191,
        "kq8.r5b2": 0.008817533488992191,
        "kq9.r5b2": 0.008817533488992191,
        "kq10.r5b2": 0.008817533488992191,
        "kqtl11.r5b2": 0.00551095843062012,
        "kqt12.r5b2": 0.005422783095730198,
        "kqt13.r5b2": 0.005422783095730198
    },
    "k_relative_variation_percent": {
        "kq4.r5b2": 0.8936083779281465,
        "kq5.r5b2": 1.406688226925312,
        "kq7.r5b2": -0.012973053508559762,
        "kq8.r5b2": 0.03532288353922941,
        "kq9.r5b2": 0.0879780107503689,
        "kq10.r5b2": -0.008027957789646338,
        "kqtl11.r5b2": 1.7770694484810106,
        "kqt12.r5b2": 2.6472818562655718,
        "kqt13.r5b2": -8.119195882781785
    },
    "kmax_relative_variation_percent": {
        "kq4.r5b2": 0.4289052318345874,
        "kq5.r5b2": 0.38729287508952087,
        "kq7.r5b2": 0.010704565495075567,
        "kq8.r5b2": 0.03113467186083737,
        "kq9.r5b2": 0.06430975088289655,
        "kq10.r5b2": 0.006388815873613739,
        "kqtl11.r5b2": 0.9031774869103674,
        "kqt12.r5b2": 1.0528640263120421,
        "kqt13.r5b2": 2.0683697814554822
    }
}