{
    "k_delta": {
        "kq5.l1b1": -0.00011909508648359833,
        "kq6.l1b1": 9.391146935656925e-05,
        "kq7.l1b1": -2.8302952569314932e-05,
        "kq8.l1b1": 4.580544983990856e-06,
        "kq9.l1b1": -8.65549001472331e-06,
        "kq10.l1b1": -1.88637629661916e-06,
        "kqtl11.l1b1": 8.951156709212982e-05,
        "kqt12.l1b1": -8.3830016498677e-05,
        "kqt13.l1b1": 0.00020751449736039983
    },
    "my_ip": 1,
    "my_optics": 30,
    "my_beam": "b1",
    "i_wire_ip1.b1": 350.0,
    "i_wire_ip5.b1": 0.0,
    "k_wire_ip1": 0.00010468840307123347,
    "k_wire_ip5": -0.0,
    "tct_opening_in_sigma": 8,
    "sigma_y_at_tctpv_4l1_b1": 0.0005848056549666538,
    "sigma_x_at_tctph_4l5_b1": 0.0011014869805572626,
    "wire_retraction": 0.003,
    "d_wire_ip1.b1": 0.0076784452397332306,
    "d_wire_ip5.b1": 0.0118118958444581,
    "k_0": {
        "kq5.l1b1": -0.00160352034309,
        "kq6.l1b1": 0.00170665114394,
        "kq7.l1b1": -0.00670321503785,
        "kq8.l1b1": 0.007743607763,
        "kq9.l1b1": -0.00685155746183,
        "kq10.l1b1": 0.00696067027901,
        "kqtl11.l1b1": 0.000567217148913,
        "kqt12.l1b1": -0.000782564563728,
        "kqt13.l1b1": 0.00248701379072
    },
    "k": {
        "kq5.l1b1": -0.0017226154295735983,
        "kq6.l1b1": 0.0018005626132965693,
        "kq7.l1b1": -0.006731517990419315,
        "kq8.l1b1": 0.007748188307983991,
        "kq9.l1b1": -0.006860212951844723,
        "kq10.l1b1": 0.006958783902713381,
        "kqtl11.l1b1": 0.0006567287160051297,
        "kqt12.l1b1": -0.000866394580226677,
        "kqt13.l1b1": 0.0026945282880803997
    },
    "kmin": {
        "kq5.l1b1": 0.00019641055846730108,
        "kq6.l1b1": 0.00019641055846730108,
        "kq7.l1b1": 0.00019632238313241118,
        "kq8.l1b1": 0.00019632238313241118,
        "kq9.l1b1": 0.00019632238313241118,
        "kq10.l1b1": 0.00019632238313241118,
        "kqtl11.l1b1": -0.00551095843062012,
        "kqt12.l1b1": -0.005422783095730198,
        "kqt13.l1b1": -0.005422783095730198
    },
    "kmax": {
        "kq5.l1b1": 0.0070540267911937534,
        "kq6.l1b1": 0.0070540267911937534,
        "kq7.l1b1": 0.008817533488992191,
        "kq8.l1b1": 0.008817533488992191,
        "kq9.l1b1": 0.008817533488992191,
        "kq10.l1b1": 0.008817533488992191,
        "kqtl11.l1b1": 0.00551095843062012,
        "kqt12.l1b1": 0.005422783095730198,
        "kqt13.l1b1": 0.005422783095730198
    },
    "k_relative_variation_percent": {
        "kq5.l1b1": 7.427101688906602,
        "kq6.l1b1": 5.502675206355521,
        "kq7.l1b1": 0.4222295183654568,
        "kq8.l1b1": 0.05915259558829046,
        "kq9.l1b1": 0.12632879550296428,
        "kq10.l1b1": -0.02710049781136099,
        "kqtl11.l1b1": 15.780828782004818,
        "kqt12.l1b1": 10.712217289692436,
        "kqt13.l1b1": 8.343922262703803
    },
    "kmax_relative_variation_percent": {
        "kq5.l1b1": 1.688327674517435,
        "kq6.l1b1": 1.3313171630395326,
        "kq7.l1b1": 0.3209849172067034,
        "kq8.l1b1": 0.05194814388523965,
        "kq9.l1b1": 0.09816225847657763,
        "kq10.l1b1": 0.021393469035009757,
        "kqtl11.l1b1": 1.6242468205672447,
        "kqt12.l1b1": 1.5458854801823674,
        "kqt13.l1b1": 3.826715796982421
    },
    "k_delta/k_wire_ip1": {
        "kq5.l1b1": -1.1376148932423975,
        "kq6.l1b1": 0.8970570435836027,
        "kq7.l1b1": -0.2703542296853708,
        "kq8.l1b1": 0.043754082110452105,
        "kq9.l1b1": -0.08267859438866239,
        "kq10.l1b1": -0.01801896142532241,
        "kqtl11.l1b1": 0.855028488983858,
        "kqt12.l1b1": -0.8007574290882656,
        "kqt13.l1b1": 1.9822109352379755
    }
}