{
    "k_delta": {
        "kq5.r1b2": -0.00011652712121737327,
        "kq6.r1b2": 9.371384104269168e-05,
        "kq7.r1b2": -4.4426089739422996e-05,
        "kq8.r1b2": 7.573084734315128e-06,
        "kq9.r1b2": -5.477477614173882e-06,
        "kq10.r1b2": -5.428574008777581e-06,
        "kqtl11.r1b2": 0.00015750713013837646,
        "kqt12.r1b2": -0.0001314409285844321,
        "kqt13.r1b2": 0.00019666155461472526
    },
    "my_ip": 1,
    "my_optics": 30,
    "my_beam": "b2",
    "i_wire_ip1.b2": 350.0,
    "i_wire_ip5.b2": 0.0,
    "k_wire_ip1": 0.0001046884011013866,
    "k_wire_ip5": 0.0,
    "tct_opening_in_sigma": 8,
    "sigma_y_at_tctpv_4r1_b2": 0.0005848056639966425,
    "sigma_x_at_tctph_4r5_b2": 0.0011014869888555253,
    "wire_retraction": 0.003,
    "d_wire_ip1.b2": 0.00767844531197314,
    "d_wire_ip5.b2": 0.011811895910844201,
    "k_0": {
        "kq5.r1b2": -0.00160352034309,
        "kq6.r1b2": 0.00182537912113,
        "kq7.r1b2": -0.00689433892203,
        "kq8.r1b2": 0.00763895880942,
        "kq9.r1b2": -0.00652282602326,
        "kq10.r1b2": 0.00690973765732,
        "kqtl11.r1b2": 0.00134367208182,
        "kqt12.r1b2": -0.00123289399776,
        "kqt13.r1b2": -0.00120130527148
    },
    "k": {
        "kq5.r1b2": -0.0017200474643073733,
        "kq6.r1b2": 0.0019190929621726916,
        "kq7.r1b2": -0.006938765011769423,
        "kq8.r1b2": 0.0076465318941543155,
        "kq9.r1b2": -0.006528303500874174,
        "kq10.r1b2": 0.0069043090833112225,
        "kqtl11.r1b2": 0.0015011792119583765,
        "kqt12.r1b2": -0.001364334926344432,
        "kqt13.r1b2": -0.0010046437168652748
    },
    "kmin": {
        "kq5.r1b2": 0.00019641055846730108,
        "kq6.r1b2": 0.00019641055846730108,
        "kq7.r1b2": 0.00019632238313241118,
        "kq8.r1b2": 0.00019632238313241118,
        "kq9.r1b2": 0.00019632238313241118,
        "kq10.r1b2": 0.00019632238313241118,
        "kqtl11.r1b2": -0.00551095843062012,
        "kqt12.r1b2": -0.005422783095730198,
        "kqt13.r1b2": -0.005422783095730198
    },
    "kmax": {
        "kq5.r1b2": 0.0070540267911937534,
        "kq6.r1b2": 0.0070540267911937534,
        "kq7.r1b2": 0.008817533488992191,
        "kq8.r1b2": 0.008817533488992191,
        "kq9.r1b2": 0.008817533488992191,
        "kq10.r1b2": 0.008817533488992191,
        "kqtl11.r1b2": 0.00551095843062012,
        "kqt12.r1b2": 0.005422783095730198,
        "kqt13.r1b2": 0.005422783095730198
    },
    "k_relative_variation_percent": {
        "kq5.r1b2": 7.26695621415219,
        "kq6.r1b2": 5.1339384765548415,
        "kq7.r1b2": 0.6443850562301915,
        "kq8.r1b2": 0.09913765636458675,
        "kq9.r1b2": 0.08397399523828371,
        "kq10.r1b2": -0.07856411166387321,
        "kqtl11.r1b2": 11.722140563122627,
        "kqt12.r1b2": 10.661170289030713,
        "kqt13.r1b2": -16.370656092471776
    },
    "kmax_relative_variation_percent": {
        "kq5.r1b2": 1.6519234285138487,
        "kq6.r1b2": 1.3285155247735099,
        "kq7.r1b2": 0.5038380607783858,
        "kq8.r1b2": 0.08588665689525724,
        "kq9.r1b2": 0.062120292721450567,
        "kq10.r1b2": 0.0615656749765069,
        "kqtl11.r1b2": 2.8580714610952525,
        "kqt12.r1b2": 2.4238647621352647,
        "kqt13.r1b2": 3.626579768045177
    },
    "k_delta/k_wire_ip1": {
        "kq5.r1b2": -1.1130853083191263,
        "kq6.r1b2": 0.895169283863009,
        "kq7.r1b2": -0.42436496566986515,
        "kq8.r1b2": 0.07233929121699827,
        "kq9.r1b2": -0.052321723863842,
        "kq10.r1b2": -0.05185458896750387,
        "kqtl11.r1b2": 1.5045327704053575,
        "kqt12.r1b2": -1.2555443315743902,
        "kqt13.r1b2": 1.8785419640163028
    }
}