{
    "k_delta": {
        "kq5.r5b2": 3.474533147721196e-05,
        "kq6.r5b2": -2.8594377089197186e-05,
        "kq7.r5b2": 1.608717352732258e-05,
        "kq8.r5b2": -2.358502632759025e-06,
        "kq9.r5b2": -3.472789830608285e-07,
        "kq10.r5b2": 2.539053245697822e-06,
        "kqtl11.r5b2": -5.6427328336049166e-05,
        "kqt12.r5b2": 3.963871116508249e-05,
        "kqt13.r5b2": -3.352996922382676e-05
    },
    "my_ip": 5,
    "my_optics": 60.18,
    "my_beam": "b2",
    "i_wire_ip1.b2": 0.0,
    "i_wire_ip5.b2": 350.0,
    "k_wire_ip1": 0.0,
    "k_wire_ip5": -3.298135105400136e-05,
    "tct_opening_in_sigma": 8,
    "sigma_y_at_tctpv_4r1_b2": 0.0009406451176258813,
    "sigma_x_at_tctph_4r5_b2": 0.0013350089002648205,
    "wire_retraction": 0.003,
    "d_wire_ip1.b2": 0.01052516094100705,
    "d_wire_ip5.b2": 0.013680071202118563,
    "k_0": {
        "kq5.r5b2": -0.00160352034309,
        "kq6.r5b2": 0.00182537912113,
        "kq7.r5b2": -0.00689433892203,
        "kq8.r5b2": 0.00763895880942,
        "kq9.r5b2": -0.00652282602326,
        "kq10.r5b2": 0.00690973765732,
        "kqtl11.r5b2": 0.00134367208182,
        "kqt12.r5b2": -0.00123289399776,
        "kqt13.r5b2": -0.00120130527148
    },
    "k": {
        "kq5.r5b2": -0.001568775011612788,
        "kq6.r5b2": 0.0017967847440408028,
        "kq7.r5b2": -0.0068782517485026775,
        "kq8.r5b2": 0.007636600306787241,
        "kq9.r5b2": -0.006523173302243061,
        "kq10.r5b2": 0.006912276710565698,
        "kqtl11.r5b2": 0.001287244753483951,
        "kqt12.r5b2": -0.0011932552865949173,
        "kqt13.r5b2": -0.0012348352407038268
    },
    "kmin": {
        "kq5.r5b2": 0.00019641055846730108,
        "kq6.r5b2": 0.00019641055846730108,
        "kq7.r5b2": 0.00019632238313241118,
        "kq8.r5b2": 0.00019632238313241118,
        "kq9.r5b2": 0.00019632238313241118,
        "kq10.r5b2": 0.00019632238313241118,
        "kqtl11.r5b2": -0.00551095843062012,
        "kqt12.r5b2": -0.005422783095730198,
        "kqt13.r5b2": -0.005422783095730198
    },
    "kmax": {
        "kq5.r5b2": 0.0070540267911937534,
        "kq6.r5b2": 0.0070540267911937534,
        "kq7.r5b2": 0.008817533488992191,
        "kq8.r5b2": 0.008817533488992191,
        "kq9.r5b2": 0.008817533488992191,
        "kq10.r5b2": 0.008817533488992191,
        "kqtl11.r5b2": 0.00551095843062012,
        "kqt12.r5b2": 0.005422783095730198,
        "kqt13.r5b2": 0.005422783095730198
    },
    "k_relative_variation_percent": {
        "kq5.r5b2": -2.1668157580250806,
        "kq6.r5b2": -1.5664897641370987,
        "kq7.r5b2": -0.23333888439859002,
        "kq8.r5b2": -0.030874660953147594,
        "kq9.r5b2": 0.005324057116079025,
        "kq10.r5b2": 0.036746015140068505,
        "kqtl11.r5b2": -4.199486548802779,
        "kqt12.r5b2": -3.2150948286795633,
        "kqt13.r5b2": 2.791128118710248
    },
    "kmax_relative_variation_percent": {
        "kq5.r5b2": 0.4925602426203999,
        "kq6.r5b2": 0.405362467929586,
        "kq7.r5b2": 0.18244527846030648,
        "kq8.r5b2": 0.026747872698225414,
        "kq9.r5b2": 0.003938504838052179,
        "kq10.r5b2": 0.02879550442158883,
        "kqtl11.r5b2": 1.023911340403627,
        "kqt12.r5b2": 0.730966193287231,
        "kqt13.r5b2": 0.6183166214084361
    },
    "k_delta/k_wire_ip5": {
        "kq5.r5b2": -1.053484177174015,
        "kq6.r5b2": 0.8669862263185868,
        "kq7.r5b2": -0.48776575286387047,
        "kq8.r5b2": 0.0715101885576906,
        "kq9.r5b2": 0.010529556005520154,
        "kq10.r5b2": -0.0769845129006557,
        "kqtl11.r5b2": 1.7108858955977577,
        "kqt12.r5b2": -1.2018522558454574,
        "kqt13.r5b2": 1.0166341933332912
    }
}